aircraft,stallSpeed,AileronEffectiveSpeed,RudderEffectiveSpeed,ElevatorsEffectiveSpeed,GearDestructionIndSpeed,AirbrakeDestructionIndSpeed,FlapsDestructionIndSpeedP0,FlapsDestructionIndSpeedP1,FlapsDestructionIndSpeedP2,MachCritic1,MachCritic2,CompressorAlt0,CompressorAlt1,CompressorAlt2,CompressorPower0,CompressorPower1,CompressorPower2,CompressorCeiling0,CompressorCeiling1,CompressorCeiling2,CompressorPowerAtCeiling0,CompressorPowerAtCeiling1,CompressorPowerAtCeiling2,EnginePower,RPMMin,RPMMax,RPMMaxAllowed,CoolingEffectiveAirSpeed,WaterBoilingTemperature,OilBoilingTemperature
a-10a_early,176,550,650,500,370.4,-1.0,None,740.0,370.4,0.55,0.6,8000.0,0,0,1311.25,0,0,0.0,0,0,3296.73,0,0,1160.4,11400.0,17900.0,18500.0,0,0,0
a-10a_late,176,550,650,500,370.4,-1.0,None,740.0,370.4,0.55,0.6,8000.0,0,0,1311.25,0,0,0.0,0,0,3296.73,0,0,1160.4,11400.0,17900.0,18500.0,0,0,0
a-10c,176,550,650,500,370.4,-1.0,None,740.0,370.4,0.55,0.6,8000.0,0,0,1311.25,0,0,0.0,0,0,3296.73,0,0,1160.4,11400.0,17900.0,18500.0,0,0,0
a-20g,185,260,320,300,296.0,-1.0,None,None,445.0,0.67,0.857,610.0,3292.0,0,1600.0,1400.0,0,610.201,9144.0,0,1599.96,600.0,0,1599.0,600.0,2401.0,2760.0,320.0,282.0,160.0
a-26b,186,390,375,460,270.0,-1.0,None,None,527.0,0.71,0.874,1310.0,4572.0,0,2000.0,1600.0,0,5273.0,10668.0,0,1200.0,520.0,0,1999.0,550.0,2701.0,3400.0,350.0,282.0,160.0
a-26b_10,186,370,375,460,270.0,-1.0,None,None,527.0,0.71,0.874,1310.0,4572.0,0,2000.0,1600.0,0,5273.0,10668.0,0,1200.0,520.0,0,1999.0,550.0,2701.0,3400.0,350.0,300.0,160.0
a-26c,186,390,375,460,270.0,-1.0,None,None,527.0,0.71,0.874,1310.0,4572.0,0,2000.0,1600.0,0,5273.0,10668.0,0,1200.0,520.0,0,1999.0,550.0,2701.0,3400.0,350.0,282.0,160.0
a2d,176,460,480,460,301.0,-1.0,420.0,351.0,301.0,0.72,0.85,1000.0,0,0,5034.0,0,0,6100.0,0,0,1000.0,0,0,2517.0,6300.0,14300.0,20000.0,0,0,0
a5m4,126,280,320,360,558.0,-1.0,None,420.0,220.0,0.6,0.85,2000.0,0,0,680.0,0,0,2001.0,0,0,679.916,0,0,619.0,300.0,2600.0,3000.0,324.474,285.0,360.0
a6m2_mod11,128,270,420,410,310.0,-1.0,None,None,510.0,0.6,0.765,3400.0,0,0,950.0,0,0,3401.0,0,0,949.878,0,0,840.0,100.0,2550.0,2650.0,324.474,285.0,360.0
a6m2_n_zero,140,310,420,410,550.0,-1.0,None,None,520.4,0.665,0.765,3560.0,0,0,935.0,0,0,3561.0,0,0,934.88,0,0,820.0,100.0,2550.0,2650.0,324.474,285.0,360.0
a6m2_zero,127,270,420,410,310.0,-1.0,None,None,510.0,0.6,0.765,3400.0,0,0,950.0,0,0,3401.0,0,0,949.878,0,0,840.0,100.0,2550.0,2650.0,324.474,285.0,360.0
a6m3_mod22_zero,131,270,420,410,240.0,-1.0,None,None,420.0,0.6,0.765,1850.0,5000.0,0,1105.0,985.0,0,1851.0,5001.0,0,1104.86,984.869,0,1015.0,500.0,2750.0,3000.0,335.218,280.0,360.0
a6m3_zero,136,280,420,410,290.0,-1.0,None,None,420.0,0.665,0.765,1850.0,5000.0,0,1105.0,985.0,0,1851.0,5001.0,0,1104.86,984.869,0,1015.0,500.0,2750.0,3000.0,335.218,280.0,360.0
a6m5_hei,142,280,420,410,300.0,-1.0,None,420.0,220.0,0.673,0.765,2500.0,5000.0,0,1095.0,965.0,0,2501.0,5001.0,0,1094.86,964.871,0,995.0,500.0,2750.0,3000.0,335.721,280.0,360.0
a6m5_ko_otsu,142,280,420,410,300.0,-1.0,None,420.0,220.0,0.673,0.765,2500.0,5000.0,0,1095.0,965.0,0,2501.0,5001.0,0,1094.86,964.871,0,995.0,500.0,2750.0,3000.0,335.721,280.0,360.0
a6m5_zero,142,280,420,410,300.0,-1.0,None,420.0,220.0,0.673,0.765,2500.0,5000.0,0,1095.0,965.0,0,2501.0,5001.0,0,1094.86,964.871,0,995.0,500.0,2750.0,3000.0,335.721,280.0,360.0
a6m6c,142,280,420,410,300.0,-1.0,None,420.0,220.0,0.673,0.765,2500.0,5500.0,0,1085.0,950.0,0,2501.0,5501.0,0,1084.86,949.872,0,995.0,500.0,2800.0,3000.0,335.721,280.0,360.0
a7he1,146,298,320,360,450.0,-1.0,None,520.4,320.4,0.59,0.6,1250.0,3150.0,0,640.0,600.0,0,1250.1,5000.0,0,640.0,480.0,0,620.0,400.0,2700.0,2800.0,312.153,160.0,360.0
a7m1,160,400,380,380,310.0,-1.0,None,510.0,280.0,0.7,0.765,2000.0,6000.0,0,1875.0,1675.0,0,2001.0,6001.0,0,1874.0,1674.0,0,1765.0,400.0,3000.0,3500.0,316.779,290.0,360.0
a7m2,159,400,380,400,310.0,-1.0,None,510.0,280.0,0.7,0.91,1000.0,5000.0,0,2070.0,1930.0,0,2400.0,7350.0,0,1750.0,1400.0,0,2000.0,400.0,2900.0,3200.0,324.474,285.0,360.0
a_109_eoa2,176,482,400,500,420.0,-1.0,564.0,351.0,315.0,-0.01,-0.01,6000.0,0,0,960.0,0,0,6100.0,0,0,200.0,0,0,450.0,4000.0,6016.0,7600.0,0,0,0
a_129_a,176,482,400,500,420.0,-1.0,564.0,351.0,315.0,-0.01,-0.01,6000.0,0,0,960.0,0,0,6100.0,0,0,200.0,0,0,1360.0,4700.0,6850.0,8900.0,0,0,0
a_129_cbt,176,482,400,500,420.0,-1.0,564.0,351.0,315.0,-0.01,-0.01,6000.0,0,0,960.0,0,0,6100.0,0,0,200.0,0,0,890.0,4700.0,6150.0,8100.0,0,0,0
a_129_d,176,482,400,500,420.0,-1.0,564.0,351.0,315.0,-0.01,-0.01,6000.0,0,0,960.0,0,0,6100.0,0,0,200.0,0,0,890.0,4700.0,6150.0,8100.0,0,0,0
a_129_int,176,482,400,500,420.0,-1.0,564.0,351.0,315.0,-0.01,-0.01,6000.0,0,0,960.0,0,0,6100.0,0,0,200.0,0,0,1360.0,4700.0,6850.0,8900.0,0,0,0
a_29_hudson,None,260,290,320,235.0,-1.0,None,340.0,235.0,0.665,0.8,1900.0,5181.0,0,1050.0,900.0,0,1159.0,2927.0,0,1149.92,1207.36,0,1000.0,300.0,2500.0,2900.0,324.474,285.0,360.0
a_35b,179,257,350,380,278.0,-1.0,430.0,290.0,278.0,0.71,0.78,1676.0,4115.0,0,1500.0,1350.0,0,6000.0,7000.0,0,800.0,850.0,0,1500.0,750.0,2600.0,3100.0,320.0,298.0,360.0
a_4b,None,450,700,870,437.0,-1.0,None,615.0,410.0,0.81,0.89,6000.0,0,0,1200.0,0,0,0.0,0,0,2574.53,0,0,1200.0,3600.0,8300.0,8800.0,0,0,0
a_4e_early,None,450,700,490,437.0,-1.0,None,615.0,410.0,0.81,0.89,6000.0,0,0,1200.0,0,0,0.0,0,0,2574.53,0,0,1200.0,4600.0,11650.0,11952.0,0,0,0
a_4e_early_iaf,317,450,700,490,437.0,-1.0,None,615.0,410.0,0.82,0.89,6000.0,0,0,1200.0,0,0,0.0,0,0,2574.53,0,0,1200.0,4600.0,11650.0,11952.0,0,0,0
a_4e_late_iaf,317,450,700,490,437.0,-1.0,None,615.0,410.0,0.82,0.89,6000.0,0,0,1200.0,0,0,0.0,0,0,2574.53,0,0,1200.0,4600.0,12060.0,12410.0,0,0,0
a_4h,317,450,700,490,437.0,-1.0,None,615.0,410.0,0.81,0.89,6000.0,0,0,1200.0,0,0,0.0,0,0,2574.53,0,0,1200.0,4600.0,12060.0,12410.0,0,0,0
a_4n,317,450,700,490,437.0,-1.0,None,615.0,410.0,0.82,0.89,6000.0,0,0,1200.0,0,0,0.0,0,0,2574.53,0,0,1200.0,4600.0,12010.0,12400.0,0,0,0
a_5c,157,540,650,350,577.0,-1.0,700.0,500.0,450.0,0.92,0.94,6000.0,0,0,960.0,0,0,6100.0,0,0,200.0,0,0,1200.0,4100.0,11195.0,11600.0,0,0,0
a_6e_tram,176,600,650,650,460.0,-1.0,None,None,650.0,0.81,0.82,6000.0,0,0,1200.0,0,0,0.0,0,0,2574.53,0,0,1200.0,4600.0,12060.0,12410.0,0,0,0
a_7d,None,700,690,500,407.0,-1.0,505.0,457.0,407.0,0.86,0.88,6000.0,0,0,1200.0,0,0,0.0,0,0,2574.53,0,0,1200.0,6896.0,12770.0,13408.0,0,0,0
a_7e,330,700,690,500,407.0,-1.0,505.0,457.0,407.0,0.84,0.87,2409.49,0,0,1200.0,0,0,-0.00194805,0,0,1609.22,0,0,1200.0,6896.0,12770.0,13408.0,0,0,0
a_7k,330,700,690,500,407.0,-1.0,505.0,457.0,407.0,0.84,0.87,2409.49,0,0,1200.0,0,0,-0.00194805,0,0,1609.22,0,0,1200.0,6896.0,12770.0,13408.0,0,0,0
ab_205a_1,193,482,400,500,420.0,-1.0,564.0,351.0,315.0,-0.01,-0.01,6000.0,0,0,960.0,0,0,6100.0,0,0,200.0,0,0,1300.0,3000.0,6600.0,10000.0,0,0,0
ah-64d,176,482,400,500,420.0,-1.0,564.0,351.0,315.0,-0.01,-0.01,6000.0,0,0,960.0,0,0,6100.0,0,0,200.0,0,0,1895.0,12500.0,20900.0,30000.0,0,0,0
ah_1f,None,482,400,500,420.0,-1.0,564.0,351.0,315.0,-0.01,-0.01,6000.0,0,0,960.0,0,0,6100.0,0,0,200.0,0,0,1300.0,3000.0,6600.0,10000.0,0,0,0
ah_1f_iaf,None,482,400,500,420.0,-1.0,564.0,351.0,315.0,-0.01,-0.01,6000.0,0,0,960.0,0,0,6100.0,0,0,200.0,0,0,1300.0,3000.0,6600.0,10000.0,0,0,0
ah_1g,None,482,400,500,420.0,-1.0,564.0,351.0,315.0,-0.01,-0.01,6000.0,0,0,960.0,0,0,6100.0,0,0,200.0,0,0,1100.0,3000.0,6600.0,10000.0,0,0,0
ah_1g_iaf,None,482,400,500,420.0,-1.0,564.0,351.0,315.0,-0.01,-0.01,6000.0,0,0,960.0,0,0,6100.0,0,0,200.0,0,0,1100.0,3000.0,6600.0,10000.0,0,0,0
ah_1q_iaf,None,482,400,500,420.0,-1.0,564.0,351.0,315.0,-0.01,-0.01,6000.0,0,0,960.0,0,0,6100.0,0,0,200.0,0,0,1100.0,3000.0,6600.0,10000.0,0,0,0
ah_1s,None,482,400,500,420.0,-1.0,564.0,351.0,315.0,-0.01,-0.01,6000.0,0,0,960.0,0,0,6100.0,0,0,200.0,0,0,1300.0,3000.0,6600.0,10000.0,0,0,0
ah_1w,176,482,400,500,420.0,-1.0,564.0,351.0,315.0,-0.01,-0.01,6000.0,0,0,960.0,0,0,6100.0,0,0,200.0,0,0,1690.0,12500.0,20900.0,30000.0,0,0,0
ah_1z,176,482,400,500,420.0,-1.0,564.0,351.0,315.0,-0.01,-0.01,6000.0,0,0,960.0,0,0,6100.0,0,0,200.0,0,0,1800.0,12500.0,20900.0,30000.0,0,0,0
ah_2_rooivalk,176,482,400,500,420.0,-1.0,564.0,351.0,315.0,-0.01,-0.01,6000.0,0,0,960.0,0,0,6100.0,0,0,200.0,0,0,1845.0,12500.0,23000.0,29000.0,0,0,0
ah_56a,176,1482,1400,1500,420.0,-1.0,564.0,351.0,315.0,-0.01,-0.01,6000.0,0,0,960.0,0,0,6100.0,0,0,200.0,0,0,4160.0,3000.0,6600.0,10500.0,0,0,0
ah_60_iaf,176,482,400,500,420.0,-1.0,564.0,351.0,315.0,-0.01,-0.01,6000.0,0,0,960.0,0,0,6100.0,0,0,200.0,0,0,1890.0,12500.0,20900.0,30000.0,0,0,0
ah_64a,176,482,400,500,420.0,-1.0,564.0,351.0,315.0,-0.01,-0.01,6000.0,0,0,960.0,0,0,6100.0,0,0,200.0,0,0,1703.0,12500.0,20900.0,30000.0,0,0,0
ah_64a_iaf,176,482,400,500,420.0,-1.0,564.0,351.0,315.0,-0.01,-0.01,6000.0,0,0,960.0,0,0,6100.0,0,0,200.0,0,0,1703.0,12500.0,20900.0,30000.0,0,0,0
ah_64d,176,482,400,500,420.0,-1.0,564.0,351.0,315.0,-0.01,-0.01,6000.0,0,0,960.0,0,0,6100.0,0,0,200.0,0,0,1895.0,12500.0,20900.0,30000.0,0,0,0
ah_64d_i_saraph,176,482,400,500,420.0,-1.0,564.0,351.0,315.0,-0.01,-0.01,6000.0,0,0,960.0,0,0,6100.0,0,0,200.0,0,0,1895.0,12500.0,20900.0,30000.0,0,0,0
ah_64d_japan,176,482,400,500,420.0,-1.0,564.0,351.0,315.0,-0.01,-0.01,6000.0,0,0,960.0,0,0,6100.0,0,0,200.0,0,0,1895.0,12500.0,20900.0,30000.0,0,0,0
ah_64d_netherlands,176,482,400,500,420.0,-1.0,564.0,351.0,315.0,-0.01,-0.01,6000.0,0,0,960.0,0,0,6100.0,0,0,200.0,0,0,1895.0,12500.0,20900.0,30000.0,0,0,0
ah_64e,176,482,400,500,420.0,-1.0,564.0,351.0,315.0,-0.01,-0.01,6000.0,0,0,960.0,0,0,6100.0,0,0,200.0,0,0,1990.0,12500.0,20900.0,30000.0,0,0,0
ah_6m,176,482,400,500,320.0,-1.0,1564.0,1351.0,1315.0,-0.01,-0.01,6000.0,0,0,960.0,0,0,6100.0,0,0,200.0,0,0,440.0,2000.0,6000.0,8200.0,0,0,0
ah_mk1,176,482,400,500,420.0,-1.0,564.0,351.0,315.0,-0.01,-0.01,6000.0,0,0,960.0,0,0,6100.0,0,0,200.0,0,0,2080.0,12500.0,20900.0,30000.0,0,0,0
ahs,176,482,400,500,420.0,-1.0,564.0,351.0,315.0,-0.01,-0.01,6000.0,0,0,960.0,0,0,6100.0,0,0,200.0,0,0,1703.0,12500.0,20900.0,30000.0,0,0,0
aichi_e13a,140,310,320,310,550.0,-1.0,None,None,520.4,0.665,0.765,2011.0,0,0,1065.0,0,0,2011.5,0,0,1064.93,0,0,990.0,100.0,2550.0,2650.0,324.474,285.0,360.0
alpha_jet_a,261,600,700,600,390.0,-1.0,None,None,580.0,0.81,0.91,6000.0,0,0,1160.4,0,0,0.0,0,0,2489.57,0,0,1350.0,11960.0,22561.0,23700.0,0,0,0
alpha_jet_e,261,600,700,600,390.0,-1.0,None,None,580.0,0.81,0.91,6000.0,0,0,1160.4,0,0,0.0,0,0,2489.57,0,0,1350.0,11960.0,22561.0,23700.0,0,0,0
alpha_jet_th_phase_1,261,600,700,600,390.0,-1.0,None,None,580.0,0.81,0.91,6000.0,0,0,1160.4,0,0,0.0,0,0,2489.57,0,0,1523.0,11960.0,22561.0,23700.0,0,0,0
am-1_mauler,174,450,220,500,700.0,660.0,420.0,350.0,300.0,0.7,0.768,4115.0,0,0,2500.0,0,0,0.0,0,0,4169.3,0,0,2950.0,1200.0,2700.0,3060.0,440.0,310.0,360.0
amx_a_1a_brazil,299,650,650,650,444.0,-1.0,None,None,936.0,0.82,0.925,6000.0,0,0,1160.4,0,0,0.0,0,0,2489.57,0,0,1160.4,5000.0,12900.0,15000.0,0,0,0
amx_italy,299,650,650,650,444.0,-1.0,None,None,936.0,0.82,0.925,6000.0,0,0,1160.4,0,0,0.0,0,0,2489.57,0,0,1160.4,5000.0,12900.0,15000.0,0,0,0
ar_2,128,320,320,300,350.0,-1.0,None,320.0,280.0,0.639,0.7,2000.0,4000.0,0,1100.0,1050.0,0,0.0,0.0,0,1401.72,1725.06,0,1020.0,900.0,2700.0,2800.0,350.0,150.0,360.0
arado-196a-3,140,270,280,250,550.0,-1.0,None,520.4,320.4,0.3,0.765,1500.0,0,0,780.0,0,0,1500.0,0,0,780.0,0,0,755.0,500.0,2550.0,2950.0,324.474,285.0,360.0
arado-234,None,500,500,550,400.0,-1.0,None,550.0,350.0,0.645,0.75,6000.0,0,0,960.0,0,0,0.0,0,0,2574.53,0,0,1200.0,2700.0,8700.0,9000.0,0,0,0
arado-234_hockey,220,500,500,550,400.0,None,None,550.0,350.0,0.645,0.75,6000.0,0,0,960.0,0,0,0.0,0,0,2574.53,0,0,1200.0,2700.0,8700.0,9000.0,0,0,0
arado-234c-3,220,500,500,650,400.0,None,None,550.0,350.0,0.665,0.75,6000.0,0,0,960.0,0,0,6100.0,0,0,200.0,0,0,1200.0,3000.0,9800.0,11000.0,0,0,0
ariete,174,520,550,550,450.0,-1.0,None,520.4,320.4,0.88,0.88,2000.0,0,0,1260.0,0,0,6000.0,0,0,1129.15,0,0,1200.0,8000.0,14700.0,15500.0,0,0,0
attaker_fb1,146,481,600,620,351.0,-1.0,None,None,1000.0,0.745,0.81,8000.0,0,0,1356.0,0,0,0.0,0,0,3409.23,0,0,1200.0,5000.0,12500.0,16000.0,0,0,0
av_8a,158,648,950,790,648.0,-1.0,1111.0,926.0,556.0,0.85,0.91,6000.0,0,0,1160.4,0,0,0.0,0,0,2489.57,0,0,1160.4,4900.0,7510.0,10000.0,0,0,0
av_8b_na,158,648,950,790,648.0,-1.0,973.0,833.0,556.0,0.85,0.91,6000.0,0,0,1160.4,0,0,0.0,0,0,2489.57,0,0,1160.4,4900.0,7510.0,10000.0,0,0,0
av_8b_plus,158,648,950,790,648.0,-1.0,973.0,833.0,556.0,0.85,0.91,6000.0,0,0,1160.4,0,0,0.0,0,0,2489.57,0,0,1160.4,4900.0,7510.0,10000.0,0,0,0
av_8c,158,648,950,790,648.0,-1.0,1111.0,926.0,556.0,0.85,0.91,6000.0,0,0,1160.4,0,0,0.0,0,0,2489.57,0,0,1160.4,4900.0,7510.0,10000.0,0,0,0
av_8s,158,648,950,790,648.0,-1.0,1111.0,926.0,556.0,0.85,0.91,6000.0,0,0,1160.4,0,0,0.0,0,0,2489.57,0,0,1160.4,4900.0,7510.0,10000.0,0,0,0
avenger_mk1,146,300,220,220,397.0,-1.0,None,485.0,285.0,0.65,0.8,1768.0,3962.0,0,1500.0,1350.0,0,3048.0,5791.0,0,1300.0,1100.0,0,1470.0,800.0,2600.0,3100.0,320.0,310.0,160.0
b-17e,193,330,310,290,290.0,-1.0,None,400.0,249.0,0.71,0.78,7550.0,0,0,1200.0,0,0,11155.0,0,0,770.0,0,0,1200.0,600.0,2500.0,2900.0,300.0,310.0,160.0
b-17e_late,193,330,310,290,290.0,-1.0,None,400.0,249.0,0.71,0.78,7550.0,0,0,1200.0,0,0,11155.0,0,0,770.0,0,0,1200.0,600.0,2500.0,2900.0,300.0,310.0,160.0
b-17g,193,330,310,290,290.0,-1.0,None,400.0,249.0,0.71,0.78,9966.0,0,0,1200.0,0,0,12192.0,0,0,780.001,0,0,1170.0,600.0,2501.0,3100.0,300.0,310.0,160.0
b-29,246,340,350,290,389.0,-1.0,None,340.0,270.0,0.65,0.8,9720.0,0,0,2200.0,0,0,14192.0,0,0,1500.0,0,0,2200.0,550.0,2801.0,3150.0,400.0,295.0,180.0
b-57,186,560,522,510,450.0,-1.0,None,520.4,320.4,0.75,0.88,6000.0,0,0,960.0,0,0,6100.0,0,0,200.0,0,0,1200.0,5000.0,8300.0,9000.0,0,0,0
b-57b,186,560,522,510,450.0,-1.0,None,520.4,320.4,0.775,0.88,6000.0,0,0,960.0,0,0,6100.0,0,0,200.0,0,0,1200.0,5000.0,8300.0,9000.0,0,0,0
b5n2,160,300,300,310,450.0,-1.0,None,420.4,280.4,0.665,0.9,3000.0,0,0,970.0,0,0,3000.01,0,0,969.999,0,0,870.0,100.0,2550.0,3000.0,300.0,265.0,360.0
b6n1,160,300,300,310,310.0,-1.0,None,380.0,280.4,0.573,0.9,1402.0,4877.0,0,1730.0,1580.0,0,1402.01,4877.01,0,1730.0,1580.0,0,1660.0,450.0,2600.0,2850.0,300.0,265.0,360.0
b6n2,160,300,300,310,310.0,-1.0,None,380.0,280.4,0.573,0.9,2100.0,5500.0,0,1655.0,1520.0,0,2100.01,5500.01,0,1654.0,1519.0,0,1550.0,450.0,2600.0,2850.0,300.0,265.0,360.0
b6n2a,160,300,300,310,310.0,-1.0,None,380.0,280.4,0.573,0.9,2100.0,5500.0,0,1655.0,1520.0,0,2100.01,5500.01,0,1654.0,1519.0,0,1550.0,450.0,2600.0,2850.0,300.0,265.0,360.0
b7a2,148,380,380,450,350.0,-1.0,None,None,480.0,0.665,0.9,1798.92,5700.0,0,1645.0,1450.0,0,3000.0,5701.0,0,1450.0,1449.0,0,1545.0,450.0,2900.0,3200.0,300.622,282.0,360.0
b7a2_homare_23,148,380,380,450,350.0,-1.0,None,None,480.0,0.665,0.9,2000.0,5300.0,0,1875.0,1675.0,0,2001.0,5301.0,0,1874.77,1674.77,0,1765.0,400.0,3000.0,3493.27,324.474,285.0,360.0
b_10b,None,200,270,290,235.0,None,None,340.0,235.0,0.665,0.8,2200.0,0,0,760.0,0,0,0,0,0,0,0,0,730.0,400.0,2200.0,2450.0,306.577,310.0,360.0
b_18a,None,200,270,250,350.0,None,None,340.0,280.0,0.665,0.8,1158.24,2926.08,0,860.0,850.0,0,1159.0,2927.0,0,859.921,849.901,0,830.0,300.0,2200.0,3700.0,324.474,285.0,360.0
b_239_finland,157,400,320,540,280.0,-1.0,460.0,320.0,240.0,0.7,0.7,1829.0,4633.0,0,850.0,750.0,0,0,0,0,0,0,0,850.0,500.0,2200.0,2520.0,250.0,140.0,360.0
b_24d,186,200,180,180,263.0,-1.0,None,None,390.0,0.65,0.8,7010.0,0,0,1100.0,0,0,12000.0,0,0,600.0,0,0,1100.0,600.0,2700.0,2950.0,300.0,310.0,160.0
b_25j_20,215,270,320,350,294.0,-1.0,430.0,320.0,294.0,0.66,0.82,1676.0,4115.0,0,1700.0,1450.0,0,6000.0,7000.0,0,890.0,1040.0,0,1700.0,600.0,2600.0,2880.0,320.0,310.0,160.0
b_26b_c,218,270,320,370,265.0,-1.0,430.0,320.0,297.0,0.65,0.82,1463.0,4653.0,0,1600.0,1500.0,0,1463.5,4653.5,0,1599.0,1449.0,0,1600.0,600.0,2700.0,2880.0,320.0,310.0,160.0
b_34,192,260,290,320,235.0,-1.0,None,340.0,235.0,0.665,0.8,1615.0,4023.0,0,1600.0,1450.0,0,3000.0,8000.0,0,1350.0,900.0,0,1520.0,600.0,2700.0,3100.0,336.813,310.0,360.0
b_48_firecrest,160,460,450,450,360.0,-1.0,None,None,430.0,0.72,0.806,1280.0,4980.0,0,2580.0,2310.0,0,1280.2,7300.0,0,2579.94,1710.0,0,2475.0,600.0,2701.0,3120.0,330.0,330.0,160.0
b_66b,186,700,580,1050,463.0,-1.0,None,None,518.0,0.92,0.92,6000.0,0,0,1200.0,0,0,-0.0012987,0,0,2574.53,0,0,1200.0,3000.0,6100.0,7500.0,0,0,0
ba_65_k14_l,156,300,340,380,400.0,-1.0,None,None,520.0,0,0,4150.0,0,0,900.0,0,0,0,0,0,0,0,0,760.0,600.0,2400.0,3000.0,190.0,310.0,360.0
bb-1,None,280,240,500,350.0,-1.0,450.0,340.0,280.0,0.68,0.7,4000.0,6000.0,0,1100.0,1000.0,0,0,9000.0,0,0,600.0,0,950.0,450.0,2375.0,2800.0,190.0,310.0,360.0
be_6,174,350,350,350,450.0,-1.0,None,300.0,220.0,0.6,0.6,1300.0,0,0,2250.0,0,0,0.0,0,0,2630.59,0,0,2200.0,550.0,2600.0,2800.0,300.0,295.0,360.0
beaufighter_mk1_40mm,161,330,390,410,242.0,-1.0,440.0,242.0,216.0,0.6,0.64,761.999,4419.0,0,1170.0,1090.0,0,762.501,4419.5,0,1169.93,1089.93,0,1170.0,400.0,2800.0,3150.0,310.193,265.0,360.0
beaufighter_mk21,161,330,390,410,242.0,-1.0,440.0,242.0,216.0,0.6,0.64,457.0,2515.0,0,1395.0,1300.0,0,6000.0,6000.0,0,700.0,800.0,0,1365.0,400.0,2900.0,3150.0,300.0,265.0,360.0
beaufighter_mk6c,161,330,390,410,242.0,-1.0,440.0,242.0,216.0,0.6,0.64,1447.0,4310.0,0,1400.0,1300.0,0,6000.0,9090.0,0,780.0,600.0,0,1325.0,400.0,2900.0,3150.0,310.193,265.0,360.0
beaufighter_mkx,161,330,390,410,242.0,-1.0,440.0,242.0,216.0,0.6,0.64,460.0,2651.0,0,1395.0,1300.0,0,0.0,0.0,0,1473.53,1797.01,0,1365.0,400.0,2900.0,3150.0,300.0,265.0,360.0
beaufort_mkviii,160,330,330,360,242.0,-1.0,None,None,440.0,0.62,0.78,1890.0,3993.0,0,1100.0,1000.0,0,3800.0,5950.0,0,900.0,800.0,0,1060.0,550.0,2700.0,3060.0,290.0,320.0,160.0
bf-109a_1,176,450,390,450,280.0,-1.0,400.0,350.0,250.0,0.68,0.82,1250.0,3200.0,0,640.0,600.0,0,1250.05,3200.05,0,639.996,599.996,0,620.0,400.0,2700.0,2850.0,312.153,160.0,360.0
bf-109b_2,176,450,390,450,280.0,-1.0,400.0,350.0,250.0,0.68,0.82,1260.0,3150.0,0,650.0,600.0,0,1260.05,3150.05,0,649.996,599.996,0,620.0,400.0,2700.0,2850.0,312.153,160.0,360.0
bf-109c_1,176,450,390,400,280.0,-1.0,400.0,350.0,250.0,0.68,0.82,1250.0,3150.0,0,666.0,641.0,0,1250.1,5000.0,0,665.992,506.0,0,646.0,445.0,2700.0,2800.0,312.153,160.0,360.0
bf-109e-1,176,450,390,400,320.0,-1.0,None,500.0,300.0,0.68,0.82,4500.0,0,0,960.0,0,0,6000.0,0,0,820.0,0,0,910.0,450.0,2400.0,3000.0,312.153,160.0,360.0
bf-109e-4,176,450,390,400,320.0,-1.0,450.0,390.0,280.0,0.68,0.82,3700.0,0,0,1050.0,0,0,7000.0,0,0,690.0,0,0,1020.0,400.0,2600.0,2950.0,317.906,166.5,360.0
bf-109f-1,160,450,390,450,360.0,None,None,460.0,260.0,0.68,0.82,4850.0,0,0,1050.0,0,0,8000.0,0,0,690.0,0,0,1020.0,400.0,2600.0,2950.0,715.176,166.5,360.0
bf-109f-4,160,450,390,450,360.0,None,None,460.0,260.0,0.68,0.82,4950.0,0,0,1185.0,0,0,10000.0,0,0,640.0,0,0,1170.0,400.0,2700.0,3000.0,715.176,166.5,360.0
bf-109f-4_trop,160,450,390,450,360.0,None,None,460.0,260.0,0.68,0.82,4950.0,0,0,1175.0,0,0,10000.0,0,0,600.0,0,0,1160.0,400.0,2700.0,3000.0,715.176,166.5,360.0
bf-109g-10,160,450,390,450,360.0,None,None,460.0,260.0,0.68,0.82,6800.0,0,0,1265.0,0,0,12000.0,0,0,670.0,0,0,1430.0,500.0,2800.0,3200.0,715.176,166.5,360.0
bf-109g-14,160,450,390,450,360.0,None,None,460.0,260.0,0.68,0.82,5700.0,0,0,1270.0,0,0,10000.0,0,0,770.0,0,0,1260.0,500.0,2800.0,3200.0,715.176,166.5,360.0
bf-109g-14as,160,450,390,450,360.0,None,None,460.0,260.0,0.68,0.82,7800.0,0,0,1140.0,0,0,10000.0,0,0,890.0,0,0,1250.0,500.0,2800.0,3200.0,715.176,166.5,360.0
bf-109g-2,160,450,390,450,360.0,None,None,460.0,260.0,0.68,0.82,5700.0,0,0,1260.0,0,0,10000.0,0,0,770.0,0,0,1280.0,500.0,2800.0,3150.0,715.176,166.5,360.0
bf-109g-2_romania,160,450,390,450,360.0,None,None,460.0,260.0,0.68,0.82,5700.0,0,0,1260.0,0,0,10000.0,0,0,770.0,0,0,1280.0,500.0,2800.0,3150.0,715.176,166.5,360.0
bf-109g-6,160,450,390,450,360.0,None,None,460.0,260.0,0.68,0.82,5700.0,0,0,1270.0,0,0,10000.0,0,0,770.0,0,0,1260.0,500.0,2800.0,3200.0,715.176,166.5,360.0
bf-109k-4,160,450,390,450,360.0,-1.0,None,460.0,260.0,0.68,0.82,6900.0,0,0,1250.0,0,0,12000.0,0,0,689.999,0,0,1370.0,500.0,2800.0,3200.0,714.797,166.5,360.0
bf-109z,160,450,390,450,360.0,None,None,460.0,260.0,0.68,0.82,5700.0,0,0,1260.0,0,0,10000.0,0,0,770.0,0,0,1280.0,500.0,2800.0,3150.0,715.176,166.5,360.0
bf-110c-4,180,360,350,370,320.0,-1.0,None,490.0,290.0,0.68,0.82,4500.0,0,0,960.0,0,0,6000.0,0,0,820.0,0,0,910.0,450.0,2400.0,3000.0,312.153,160.0,360.0
bf-110c-6,176,360,350,370,320.0,-1.0,None,490.0,290.0,0.58,0.82,4850.0,0,0,1050.0,0,0,8000.0,0,0,690.0,0,0,1020.0,400.0,2600.0,2950.0,715.176,166.5,360.0
bf-110c-7,176,360,350,370,320.0,-1.0,None,490.0,290.0,0.58,0.82,4850.0,0,0,1050.0,0,0,8000.0,0,0,690.0,0,0,1020.0,400.0,2600.0,2950.0,715.176,166.5,360.0
bf-110f-2,189,360,350,370,320.0,-1.0,None,490.0,290.0,0.58,0.82,4900.0,0,0,1132.55,0,0,8000.0,0,0,651.217,0,0,1132.55,400.0,2700.0,2950.0,715.176,166.5,360.0
bf-110g-2,193,360,350,370,320.0,-1.0,None,490.0,290.0,0.58,0.82,5650.0,0,0,1260.0,0,0,10000.0,0,0,770.0,0,0,1280.0,500.0,2800.0,3150.0,714.792,166.5,360.0
bf-110g-4,193,360,350,380,320.0,-1.0,None,490.0,290.0,0,0,5650.0,0,0,1260.0,0,0,10000.0,0,0,770.0,0,0,1280.0,500.0,2800.0,3150.0,714.035,166.5,360.0
bf2c_1,186,240,220,350,280.0,-1.0,320.0,240.0,190.0,0.62,0.72,2500.0,0,0,730.0,0,0,7000.0,0,0,320.0,0,0,675.0,400.0,1960.0,2450.0,190.0,310.0,360.0
bf_109t_2,176,450,390,400,320.0,-1.0,450.0,390.0,280.0,0.68,0.82,3700.0,0,0,1050.0,0,0,7000.0,0,0,690.0,0,0,1020.0,400.0,2600.0,2950.0,317.906,166.5,360.0
bi,174,400,410,550,420.0,-1.0,None,520.0,320.0,0.67,0.78,0.0,0,0,240.0,0,0,0.0,0,0,1200.0,0,0,1100.0,100.0,1600.0,1800.0,0,0,0
blenheim_mkiv,160,310,310,320,236.0,-1.0,None,None,316.0,0.62,0.78,3962.0,0,0,837.0,0,0,3963.0,0,0,836.891,0,0,760.0,600.0,2751.0,3120.0,320.0,310.0,160.0
bo_105cb2,176,482,400,500,320.0,-1.0,1564.0,1351.0,1315.0,-0.01,-0.01,6000.0,0,0,960.0,0,0,6100.0,0,0,200.0,0,0,420.0,2000.0,6000.0,7200.0,0,0,0
bo_105pah1,176,482,400,500,320.0,-1.0,1564.0,1351.0,1315.0,-0.01,-0.01,6000.0,0,0,960.0,0,0,6100.0,0,0,200.0,0,0,420.0,2000.0,6000.0,7200.0,0,0,0
bo_105pah1_a1,176,482,400,500,320.0,-1.0,1564.0,1351.0,1315.0,-0.01,-0.01,6000.0,0,0,960.0,0,0,6100.0,0,0,200.0,0,0,440.0,2000.0,6000.0,7200.0,0,0,0
boomerang_mki,161,380,370,340,320.0,-1.0,None,None,520.4,0.6,0.665,1989.76,4050.0,0,1100.0,1000.0,0,3000.0,6051.0,0,1000.0,840.0,0,1100.0,400.0,2700.0,3060.0,323.455,282.0,360.0
boomerang_mkii,161,380,370,340,320.0,-1.0,None,None,520.4,0.6,0.665,1989.76,4050.0,0,1100.0,1000.0,0,3000.0,6051.0,0,1000.0,840.0,0,1100.0,400.0,2700.0,3060.0,323.455,282.0,360.0
boston_mk_1,184,260,320,300,296.0,-1.0,None,None,445.0,0.67,0.857,1524.0,4420.0,0,1200.0,1100.0,0,1524.2,4420.2,0,1199.97,1099.97,0,1200.0,550.0,2700.0,2800.0,320.0,282.0,160.0
br_20_dr,176,200,200,270,310.0,-1.0,None,None,480.0,0.5,0.639,4100.0,0,0,1000.0,0,0,4101.0,0,0,999.869,0,0,885.0,450.0,2200.0,2350.0,335.169,310.0,360.0
br_693_ab2,159,300,300,350,295.0,-1.0,430.0,320.0,294.0,0.675,0.82,3400.0,0,0,670.0,0,0,3400.05,0,0,669.996,0,0,580.0,500.0,3030.0,3100.0,320.009,280.0,160.0
breda_88,None,360,320,400,262.0,-1.0,None,425.0,283.0,0.6,0.72,4000.0,0,0,1000.0,0,0,6000.0,0,0,765.0,0,0,870.0,450.0,2200.0,2310.0,200.0,282.0,160.0
brigand_b1,198,360,390,390,342.0,-1.0,None,450.0,270.0,0.6,0.6,1523.0,4800.0,0,2160.0,1975.0,0,1450.0,4015.0,0,2179.41,2189.7,0,2100.0,500.0,2700.0,3000.0,326.949,285.0,360.0
btd-1,185,380,370,390,253.0,-1.0,None,380.0,253.0,0.675,0.882,610.0,4115.0,0,2250.0,1900.0,0,610.199,6858.0,0,2249.95,1500.0,0,2200.0,600.0,2800.0,3000.0,420.0,282.0,160.0
buccaneer_s1,176,585,600,548,416.0,-1.0,518.0,463.0,370.0,0.88,0.92,6000.0,0,0,1160.4,0,0,0.0,0,0,2489.57,0,0,1160.4,4200.0,9200.0,12000.0,0,0,0
buccaneer_s2,176,585,600,548,416.0,-1.0,518.0,463.0,370.0,0.88,0.92,6000.0,0,0,1160.4,0,0,0.0,0,0,2489.57,0,0,1160.4,5000.0,12900.0,15000.0,0,0,0
buccaneer_s2b,176,585,600,548,416.0,-1.0,518.0,463.0,370.0,0.88,0.92,6000.0,0,0,1160.4,0,0,0.0,0,0,2489.57,0,0,1160.4,5000.0,12900.0,15000.0,0,0,0
bv-138c-1,174,220,220,210,450.0,-1.0,None,520.4,320.4,0.6,0.6,2500.0,0,0,675.0,0,0,2500.05,0,0,674.0,0,0,750.0,450.0,2800.0,3000.0,340.0,140.0,360.0
bv-155b-1,160,450,390,450,360.0,-1.0,None,460.0,260.0,0.68,0.82,13500.0,0,0,1430.0,0,0,16000.0,0,0,950.0,0,0,1590.0,500.0,2700.0,2900.0,350.0,170.0,360.0
bv-238,146,360,360,280,250.0,-1.0,None,None,420.0,0.6,0.7,6000.0,0,0,1500.0,0,0,11000.0,0,0,1020.0,0,0,1580.0,450.0,2700.0,2900.0,314.334,150.0,360.0
c-47,176,280,280,450,310.0,-1.0,None,520.4,320.4,0.639,0.665,1700.0,0,0,950.0,0,0,0.0,0,0,1227.91,0,0,1000.0,350.0,2400.0,2800.0,309.102,265.0,360.0
c_3604,165,330,380,300,320.0,-1.0,None,None,470.0,0.7,0.9,5500.0,0,0,1250.0,0,0,5501.0,0,0,1249.0,0,0,1120.0,450.0,2600.0,2800.0,360.0,170.0,310.0
canberra_bimk6,146,590,550,500,450.0,-1.0,None,520.4,320.4,0.75,0.88,6000.0,0,0,960.0,0,0,6100.0,0,0,200.0,0,0,1200.0,5000.0,7800.0,8000.0,0,0,0
canberra_bmk2,146,590,550,500,450.0,-1.0,None,520.4,320.4,0.75,0.88,6000.0,0,0,960.0,0,0,6100.0,0,0,200.0,0,0,1200.0,5000.0,7800.0,8000.0,0,0,0
caudron_cr714,186,280,240,420,240.0,-1.0,350.0,280.0,240.0,0.66,0.72,4000.0,0,0,456.0,0,0,7000.0,0,0,300.0,0,0,390.0,800.0,2500.0,2750.0,280.0,140.0,360.0
corsair_fmk2,176,450,450,500,730.0,-1.0,470.0,278.0,245.0,0.66,0.768,300.0,4785.0,6400.0,2000.0,1800.0,1650.0,2438.0,6505.0,7924.0,1450.0,1350.0,1320.0,2000.0,600.0,2700.0,3060.0,450.0,310.0,360.0
cr_32,None,200,300,450,590.0,-1.0,None,520.4,320.4,0.62,0.768,2600.0,0,0,591.0,0,0,7000.0,0,0,280.0,0,0,591.0,600.0,2750.0,3200.0,240.0,170.0,360.0
cr_32_bis,None,200,300,450,590.0,-1.0,None,520.4,320.4,0.62,0.768,2600.0,0,0,591.0,0,0,7000.0,0,0,280.0,0,0,591.0,600.0,2890.0,3200.0,240.0,170.0,360.0
cr_32_quater,None,200,300,450,590.0,-1.0,None,520.4,320.4,0.62,0.768,2600.0,0,0,591.0,0,0,7000.0,0,0,280.0,0,0,591.0,600.0,2890.0,3200.0,240.0,170.0,360.0
cw_21,145,320,260,450,290.0,-1.0,380.0,280.0,240.0,0.6,0.68,1829.0,4633.0,0,850.0,750.0,0,0,0,0,0,0,0,850.0,500.0,2200.0,2520.0,250.0,140.0,360.0
d3a1,137,330,360,380,650.0,-1.0,None,None,480.0,0.5,0.6,1700.0,0,0,1080.0,0,0,1701.0,0,0,1079.0,0,0,1000.0,650.0,2550.0,2800.0,314.866,300.0,360.0
d4y1,166,350,400,400,350.0,-1.0,None,480.0,280.0,0.665,0.9,4500.0,0,0,970.0,0,0,4500.05,0,0,969.994,0,0,955.0,450.0,2500.0,3000.0,200.0,170.0,360.0
d4y2,166,350,400,400,350.0,-1.0,None,480.0,280.0,0.665,0.9,5000.0,0,0,1300.0,0,0,5001.0,0,0,1299.83,0,0,1265.0,400.0,2800.0,3000.0,200.0,170.0,360.0
d4y3,150,350,400,400,350.0,-1.0,None,480.0,280.0,0.665,0.9,1000.0,5000.0,0,1280.0,1185.0,0,1000.1,5000.1,0,1279.98,1184.98,0,1200.0,400.0,2600.0,3000.0,335.169,310.0,360.0
d_371,None,240,220,260,560.0,-1.0,None,520.0,240.0,0.66,0.72,3825.0,0,0,880.0,0,0,10000.0,0,0,380.0,0,0,800.0,600.0,2400.0,2520.0,210.0,310.0,360.0
d_371_hs9,186,240,220,260,560.0,-1.0,None,520.0,240.0,0.66,0.72,3825.0,0,0,880.0,0,0,10000.0,0,0,380.0,0,0,800.0,600.0,2400.0,2520.0,210.0,310.0,360.0
d_373,None,300,220,260,630.0,-1.0,None,520.0,240.0,0.66,0.72,3825.0,0,0,880.0,0,0,10000.0,0,0,380.0,0,0,800.0,600.0,2400.0,2520.0,210.0,310.0,360.0
d_500,139,320,330,360,577.0,-1.0,None,None,410.0,0.65,0.68,3800.0,0,0,690.0,0,0,10000.0,0,0,255.0,0,0,650.0,450.0,2600.0,2780.0,280.0,150.0,160.0
d_501,140,320,330,360,577.0,-1.0,None,None,410.0,0.65,0.68,3800.0,0,0,690.0,0,0,10000.0,0,0,255.0,0,0,650.0,450.0,2600.0,2780.0,280.0,150.0,160.0
d_510,140,320,330,360,577.0,-1.0,None,None,410.0,0.65,0.68,2400.0,0,0,880.0,0,0,6900.0,0,0,500.0,0,0,820.0,450.0,2401.0,2590.0,330.0,150.0,160.0
d_520,168,370,400,390,320.0,-1.0,400.0,340.0,280.0,0.6,0.68,4300.0,0,0,920.0,0,0,4300.05,0,0,919.994,0,0,820.0,450.0,2400.0,2850.0,340.0,140.0,360.0
d_520_france,168,370,400,390,320.0,-1.0,400.0,340.0,280.0,0.6,0.68,4300.0,0,0,920.0,0,0,4300.05,0,0,919.994,0,0,820.0,450.0,2400.0,2850.0,340.0,140.0,360.0
d_521,160,400,430,460,340.0,-1.0,400.0,340.0,280.0,0.665,0.8,4953.0,0,0,927.0,0,0,4954.0,0,0,926.877,0,0,800.0,400.0,3000.0,3100.0,330.242,150.0,360.0
db_3a,176,280,240,300,320.0,-1.0,480.0,380.0,280.0,0.66,0.8,4700.0,0,0,950.0,0,0,7000.0,0,0,670.0,0,0,800.0,450.0,2370.0,2600.0,270.0,290.0,360.0
db_3a_china,None,280,240,300,320.0,-1.0,480.0,380.0,280.0,0.66,0.8,4700.0,0,0,950.0,0,0,7000.0,0,0,670.0,0,0,800.0,450.0,2370.0,2600.0,270.0,290.0,360.0
db_3b,199,280,240,300,320.0,-1.0,480.0,380.0,280.0,0.66,0.8,4700.0,0,0,985.625,0,0,7000.0,0,0,695.125,0,0,830.0,450.0,2370.0,2600.0,270.0,290.0,360.0
db_7,160,260,320,300,296.0,-1.0,None,None,445.0,0.67,0.857,2941.0,0,0,1050.0,0,0,2941.2,0,0,1049.97,0,0,1050.0,550.0,2700.0,2800.0,320.026,282.0,160.0
db_lk,172,300,300,450,320.0,-1.0,None,None,380.0,0.6,0.7,4700.0,0,0,985.625,0,0,7000.0,0,0,695.125,0,0,830.0,450.0,2370.0,2600.0,270.0,290.0,360.0
dh_110,176,685,750,440,407.0,-1.0,648.0,407.0,324.0,0,0,8000.0,0,0,1356.0,0,0,0.0,0,0,3409.23,0,0,1200.0,2750.0,8000.0,10000.0,0,0,0
do_17e_1,165,290,300,300,450.0,None,None,520.4,320.4,0.6,0.6,3050.0,0,0,585.0,0,0,6000.0,0,0,380.0,0,0,585.0,1500.0,1700.0,2600.0,280.0,160.0,360.0
do_17z_2,165,290,300,300,350.0,None,500.0,400.0,300.0,0.6,0.6,1600.0,4300.0,0,815.0,780.0,0,0,8000.0,0,0,400.0,0,754.0,1500.0,2500.0,2800.0,307.959,160.0,360.0
do_17z_7,165,290,300,300,350.0,None,500.0,400.0,300.0,0.6,0.6,1600.0,4300.0,0,815.0,780.0,0,0,8000.0,0,0,400.0,0,754.0,1500.0,2500.0,2800.0,307.959,160.0,360.0
do_217e_2,173,290,360,360,300.0,-1.0,None,None,380.0,0.6,0.8,1000.0,4200.0,0,1460.0,1300.0,0,2800.0,4201.0,0,1100.0,1300.0,0,1430.0,450.0,2700.0,3100.0,315.191,290.0,360.0
do_217e_4,173,290,360,360,300.0,-1.0,None,None,380.0,0.6,0.8,1000.0,4200.0,0,1460.0,1300.0,0,2800.0,4201.0,0,1100.0,1300.0,0,1430.0,450.0,2700.0,3100.0,315.191,290.0,360.0
do_217j_1,173,290,360,360,350.0,-1.0,None,None,420.0,0.6,0.8,1000.0,4850.0,0,1460.0,1300.0,0,2800.0,4851.0,0,1100.0,1300.0,0,1430.0,450.0,2700.0,3100.0,315.191,290.0,360.0
do_217j_2,173,290,360,360,300.0,-1.0,None,None,380.0,0.6,0.8,1000.0,4850.0,0,1460.0,1300.0,0,2800.0,4851.0,0,1100.0,1300.0,0,1430.0,450.0,2700.0,3100.0,315.191,290.0,360.0
do_217k_1,176,290,360,360,300.0,-1.0,None,None,380.0,0.6,0.8,700.0,5000.0,0,1498.0,1301.0,0,0.0,9000.0,0,1628.57,750.0,0,1470.0,600.0,2700.0,3000.0,315.191,290.0,360.0
do_217m_1,179,290,360,360,300.0,-1.0,None,None,380.0,0.6,0.8,5300.0,0,0,1510.0,0,0,9900.0,0,0,900.0,0,0,1580.0,500.0,2700.0,3200.0,311.162,155.0,360.0
do_217n_1,179,290,360,360,300.0,-1.0,None,380.0,270.0,0.6,0.8,5300.0,0,0,1510.0,0,0,9900.0,0,0,900.0,0,0,1580.0,500.0,2700.0,3200.0,311.162,155.0,360.0
do_217n_2,179,290,360,360,300.0,-1.0,None,380.0,270.0,0.6,0.8,5300.0,0,0,1510.0,0,0,9900.0,0,0,900.0,0,0,1580.0,500.0,2700.0,3200.0,311.162,155.0,360.0
do_335a_0,None,380,340,400,285.0,-1.0,450.0,340.0,280.0,0.7,0.891,7070.0,8300.0,9200.0,1440.0,1430.0,1420.0,11000.0,0,12000.0,1020.0,0,1050.0,1580.0,500.0,2700.0,2900.0,350.0,170.0,360.0
do_335a_1,None,380,340,400,285.0,-1.0,450.0,340.0,280.0,0.7,0.891,7070.0,0,0,1520.0,0,0,11000.0,0,0,950.0,0,0,1575.0,500.0,2700.0,2900.0,350.0,170.0,360.0
do_335b_2,None,380,340,400,285.0,-1.0,450.0,340.0,280.0,0.7,0.891,7070.0,0,0,1415.0,0,0,11000.0,0,0,1020.0,0,0,1550.0,500.0,2700.0,2900.0,350.0,170.0,360.0
douglas_a_1h,146,460,480,410,680.0,680.0,None,378.0,252.0,0.65,0.841,1128.0,4920.0,0,2700.0,2170.0,0,1128.2,8500.0,0,2699.93,1150.0,0,2699.0,600.0,2901.0,3120.0,350.0,290.0,160.0
douglas_ad_2,132,460,480,410,680.0,680.0,None,378.0,252.0,0.65,0.841,1128.0,4920.0,0,2700.0,2170.0,0,1128.2,8500.0,0,2699.93,1150.0,0,2699.0,600.0,2901.0,3120.0,350.0,290.0,160.0
douglas_ad_4,146,460,480,410,680.0,680.0,None,378.0,252.0,0.65,0.841,1128.0,4920.0,0,2700.0,2170.0,0,1128.2,8500.0,0,2699.93,1150.0,0,2699.0,600.0,2901.0,3120.0,350.0,290.0,160.0
douglas_ad_4_france,146,460,480,410,680.0,680.0,None,378.0,252.0,0.65,0.841,1128.0,4920.0,0,2700.0,2170.0,0,1128.2,8500.0,0,2699.93,1150.0,0,2699.0,600.0,2901.0,3120.0,350.0,290.0,160.0
douglas_ad_4na_france,126,460,480,410,680.0,680.0,None,378.0,252.0,0.65,0.841,1128.0,4920.0,0,2700.0,2170.0,0,1128.2,8500.0,0,2699.93,1150.0,0,2699.0,600.0,2901.0,3120.0,300.0,290.0,160.0
dummy_plane,160,380,420,490,320.0,-1.0,410.4,350.0,280.0,0.6,0.7,700.0,2900.0,0,1260.0,1175.0,0,5000.0,8000.0,0,746.0,597.0,0,1210.0,500.0,2700.0,2800.0,340.0,140.0,360.0
e7k2,109,180,300,250,400.0,-1.0,None,520.4,320.4,0.66,0.768,1780.0,0,0,850.0,0,0,8000.0,0,0,300.0,0,0,780.0,450.0,2540.0,3000.0,420.0,280.0,180.0
e8n2,102,190,190,250,550.0,-1.0,None,520.4,320.4,0.665,0.765,2500.0,0,0,500.0,0,0,2501.0,0,0,499.0,0,0,460.0,450.0,2300.0,2650.0,324.474,285.0,360.0
ef_2000_aesa,158,680,750,700,700.0,-1.0,None,None,1018.0,0.92,0.92,6000.0,0,0,1200.0,0,0,0.0,0,0,2574.53,0,0,1200.0,8500.0,13100.0,15500.0,0,0,0
ef_2000_block_10,158,680,750,700,700.0,-1.0,None,None,1018.0,0.92,0.92,6000.0,0,0,1200.0,0,0,0.0,0,0,2574.53,0,0,1200.0,8500.0,13100.0,15500.0,0,0,0
ef_2000_typhoon_aesa,158,680,750,700,700.0,-1.0,None,None,1018.0,0.92,0.92,6000.0,0,0,1200.0,0,0,0.0,0,0,2574.53,0,0,1200.0,8500.0,13100.0,15500.0,0,0,0
ef_2000a_aesa,158,680,750,700,700.0,-1.0,None,None,1018.0,0.92,0.92,6000.0,0,0,1200.0,0,0,0.0,0,0,2574.53,0,0,1200.0,8500.0,13100.0,15500.0,0,0,0
er-2_ach30b_early,160,290,300,270,300.0,-1.0,None,None,470.0,0.66,0.75,5700.0,0,0,1300.0,0,0,10000.0,0,0,750.0,0,0,1225.0,500.0,2000.0,2200.0,330.0,165.0,360.0
er-2_m105_mv3,176,290,300,270,300.0,-1.0,None,None,470.0,0.66,0.75,1800.0,3600.0,0,1100.0,1050.0,0,1801.0,6000.0,0,1099.86,775.0,0,1020.0,450.0,2700.0,2850.0,330.0,150.0,160.0
er-2_m105_tat,176,290,300,270,300.0,-1.0,None,None,470.0,0.66,0.75,1800.0,3600.0,0,1100.0,1050.0,0,1801.0,6000.0,0,1099.86,775.0,0,1020.0,450.0,2700.0,2850.0,330.0,150.0,160.0
er-2_m105r_lu2b,176,290,300,270,300.0,-1.0,None,None,470.0,0.66,0.75,1800.0,3600.0,0,1100.0,1050.0,0,1801.0,6000.0,0,1099.86,775.0,0,1020.0,450.0,2700.0,2850.0,330.0,150.0,160.0
er-2_m105r_tat,176,290,300,270,300.0,-1.0,None,None,470.0,0.66,0.75,1800.0,3600.0,0,1100.0,1050.0,0,1801.0,6000.0,0,1099.86,775.0,0,1020.0,450.0,2700.0,2850.0,330.0,150.0,160.0
etendard_4m,395,920,750,600,426.0,-1.0,1300.0,389.0,389.0,0.84,0.95,6000.0,0,0,1160.4,0,0,0.0,0,0,2489.57,0,0,1160.4,2750.0,8400.0,10000.0,0,0,0
f-100a_china,None,640,540,610,447.0,-1.0,None,620.4,435.0,0.87,0.9,6000.0,0,0,1200.0,0,0,0.0,0,0,2574.53,0,0,1200.0,5400.0,9810.0,10400.0,0,0,0
f-4c,None,810,750,700,463.0,-1.0,None,625.0,463.0,0.86,0.88,6000.0,0,0,1200.0,0,0,0.0,0,0,2574.53,0,0,1200.0,3000.0,7650.0,10000.0,0,0,0
f-4e,None,810,750,700,463.0,-1.0,1500.0,625.0,463.0,0.84,0.88,6000.0,0,0,1200.0,0,0,0.0,0,0,2574.53,0,0,1200.0,3000.0,7650.0,10000.0,0,0,0
f-4e_iaf,None,810,750,700,463.0,-1.0,1500.0,625.0,463.0,0.84,0.88,6000.0,0,0,1200.0,0,0,0.0,0,0,2574.53,0,0,1200.0,3000.0,7650.0,10000.0,0,0,0
f-4ej,None,810,750,700,463.0,-1.0,None,625.0,463.0,0.86,0.88,6000.0,0,0,1200.0,0,0,0.0,0,0,2574.53,0,0,1200.0,3000.0,7650.0,10000.0,0,0,0
f-4ej_kai,None,810,750,700,463.0,-1.0,None,625.0,463.0,0.86,0.88,6000.0,0,0,1200.0,0,0,0.0,0,0,2574.53,0,0,1200.0,3000.0,7650.0,10000.0,0,0,0
f-4f,None,810,750,700,463.0,-1.0,1500.0,625.0,463.0,0.84,0.88,6000.0,0,0,1200.0,0,0,0.0,0,0,2574.53,0,0,1200.0,3000.0,7650.0,10000.0,0,0,0
f-4f_kws_lv,None,810,750,700,463.0,-1.0,1500.0,625.0,463.0,0.84,0.88,6000.0,0,0,1200.0,0,0,0.0,0,0,2574.53,0,0,1200.0,3000.0,7650.0,10000.0,0,0,0
f-4j,None,810,750,700,463.0,-1.0,1625.0,625.0,463.0,0.86,0.88,6000.0,0,0,1200.0,0,0,0.0,0,0,2574.53,0,0,1200.0,3000.0,7650.0,10000.0,0,0,0
f-4jk,None,810,750,700,463.0,-1.0,1625.0,625.0,463.0,0.86,0.88,6000.0,0,0,1200.0,0,0,0.0,0,0,2574.53,0,0,1200.0,3000.0,7650.0,10000.0,0,0,0
f-4k,None,810,750,700,463.0,-1.0,None,625.0,463.0,0.86,0.88,6000.0,0,0,1200.0,0,0,0.0,0,0,2574.53,0,0,1200.0,5000.0,12500.0,15000.0,0,0,0
f-4m_fgr2,None,810,750,700,463.0,-1.0,None,625.0,463.0,0.86,0.88,6000.0,0,0,1200.0,0,0,0.0,0,0,2574.53,0,0,1200.0,5000.0,12500.0,15000.0,0,0,0
f-4s,None,810,750,700,463.0,-1.0,1625.0,625.0,463.0,0.84,0.88,6000.0,0,0,1200.0,0,0,0.0,0,0,2574.53,0,0,1200.0,3000.0,7650.0,10000.0,0,0,0
f-5e_switzerland,158,680,750,700,482.0,-1.0,None,None,1203.0,0.92,0.92,6000.0,0,0,1200.0,0,0,0.0,0,0,2574.53,0,0,1200.0,5500.0,16500.0,17500.0,0,0,0
f-80,200,482,600,640,380.0,None,None,560.0,360.0,0.71,0.82,11500.0,0,0,1200.0,0,0,0.0,0,0,2574.53,0,0,1200.0,2000.0,11750.0,12000.0,0,0,0
f-80a,200,482,600,640,380.0,None,None,560.0,360.0,0.71,0.825,11500.0,0,0,1200.0,0,0,0.0,0,0,2574.53,0,0,1200.0,2000.0,11500.0,12000.0,0,0,0
f-82e,158,500,700,700,314.0,-1.0,370.0,297.0,265.0,0.68,0.8,1000.0,6095.0,0,1600.0,1600.0,0,0.0,9143.0,0,1803.63,1250.0,0,1600.0,600.0,3200.0,3300.0,450.0,170.0,310.0
f-84b,160,530,600,690,320.0,-1.0,None,550.0,350.0,0.77,0.93,6000.0,0,0,1200.0,0,0,10000.0,0,0,999.0,0,0,1200.0,2000.0,7700.0,8000.0,0,0,0
f-84f,160,630,600,650,417.0,-1.0,None,550.0,417.0,0.88,0.92,6000.0,0,0,1200.0,0,0,10000.0,0,0,999.0,0,0,1200.0,3000.0,8300.0,9000.0,0,0,0
f-84g,160,530,600,690,320.0,-1.0,None,550.0,350.0,0.76,0.93,6000.0,0,0,1200.0,0,0,10000.0,0,0,999.0,0,0,1200.0,2000.0,8000.0,8500.0,0,0,0
f-84g_france,160,530,600,690,320.0,-1.0,None,550.0,350.0,0.76,0.93,6000.0,0,0,1200.0,0,0,10000.0,0,0,999.0,0,0,1200.0,2000.0,8000.0,8500.0,0,0,0
f-86_canadair_german,272,850,600,650,350.0,-1.0,None,620.4,350.4,0.84,0.895,6000.0,0,0,1200.0,0,0,0.0,0,0,2574.53,0,0,1200.0,3000.0,7800.0,10000.0,0,0,0
f-86_cl_13b_mk6,250,850,600,650,350.0,-1.0,None,620.4,350.4,0.84,0.895,6000.0,0,0,1200.0,0,0,0.0,0,0,2574.53,0,0,1200.0,3000.0,7800.0,10000.0,0,0,0
f-86a-5,257,850,600,680,350.0,-1.0,None,620.4,350.4,0.86,0.895,6000.0,0,0,1200.0,0,0,0.0,0,0,2574.53,0,0,1200.0,3000.0,7950.0,10000.0,0,0,0
f-86e,257,850,600,620,350.0,-1.0,None,620.4,350.4,0.86,0.895,6000.0,0,0,1200.0,0,0,0.0,0,0,2574.53,0,0,1200.0,3000.0,7950.0,10000.0,0,0,0
f-86f-2,272,850,600,650,350.0,-1.0,None,620.4,350.0,0.84,0.895,6000.0,0,0,1200.0,0,0,0.0,0,0,2574.53,0,0,1200.0,3000.0,7950.0,9000.0,0,0,0
f-86f-25,272,850,600,650,350.0,-1.0,None,620.4,350.0,0.84,0.895,6000.0,0,0,1200.0,0,0,0.0,0,0,2574.53,0,0,1200.0,3000.0,7950.0,9000.0,0,0,0
f-86f-40_japan,238,850,600,650,350.0,-1.0,None,620.4,350.0,0.846,0.895,6000.0,0,0,1200.0,0,0,0.0,0,0,2574.53,0,0,1200.0,3000.0,7950.0,9000.0,0,0,0
f-86k,250,850,600,650,350.0,-1.0,None,620.4,370.0,0.846,0.85,6000.0,0,0,1200.0,0,0,0.0,0,0,2574.53,0,0,1200.0,3000.0,7950.0,9000.0,0,0,0
f-89b,160,760,800,700,379.0,-1.0,554.4,447.5,379.0,0.76,0.86,6000.0,0,0,1200.0,0,0,0.0,0,0,2574.53,0,0,1200.0,3200.0,7910.0,8140.0,0,0,0
f-89d,160,760,800,700,379.0,-1.0,554.4,447.5,379.0,0.76,0.86,6000.0,0,0,1200.0,0,0,0.0,0,0,2574.53,0,0,1200.0,4000.0,8010.0,8240.0,0,0,0
f-8e,289,1000,590,500,428.0,-1.0,1070.0,730.0,583.0,0.91,0.92,6000.0,0,0,1200.0,0,0,0.0,0,0,2574.53,0,0,4853.0,3650.0,6400.0,6520.0,0,0,0
f-8e_fn,289,1000,590,500,428.0,-1.0,1070.0,730.0,583.0,0.91,0.92,6000.0,0,0,1200.0,0,0,0.0,0,0,2574.53,0,0,4853.0,3650.0,6400.0,6520.0,0,0,0
f1,193,650,580,650,485.0,-1.0,735.0,556.0,450.0,0.91,0.915,6000.0,0,0,1200.0,0,0,0.0,0,0,2574.53,0,0,2138.0,5200.0,13600.0,14100.0,0,0,0
f11f_1_late,None,650,540,620,447.0,-1.0,None,720.0,500.0,0.9,0.95,6000.0,0,0,1200.0,0,0,0.0,0,0,2574.53,0,0,1200.0,3600.0,8300.0,8800.0,0,0,0
f13t_2s,160,400,500,500,320.0,-1.0,410.4,350.0,280.0,0,0,1550.0,4550.0,0,620.0,600.0,0,4000.0,8000.0,0,380.0,320.0,0,600.0,400.0,2500.0,3197.99,340.907,265.0,360.0
f1m2,106,280,320,320,450.0,-1.0,None,None,370.0,0.6,0.6,3993.0,0,0,865.0,0,0,3994.0,0,0,864.887,0,0,770.0,400.0,2600.0,2900.0,313.08,280.0,360.0
f2a-1,159,405,400,380,720.0,-1.0,None,460.0,260.0,0.55,0.6,1800.0,4650.0,0,860.0,760.0,0,5000.0,8000.0,0,550.0,480.0,0,830.0,400.0,2200.0,2450.0,306.245,310.0,360.0
f2a-3,159,465,400,500,720.0,-1.0,None,None,460.0,0.55,0.6,700.0,3700.0,0,1010.0,930.0,0,2000.0,7000.0,0,900.0,690.0,0,1000.0,400.0,2500.0,2600.0,309.514,315.0,360.0
f2g-1,None,540,250,450,720.0,-1.0,382.0,324.0,248.0,0.7,0.768,4600.0,0,0,2200.0,0,0,0,0,0,0,0,0,2500.0,1200.0,2700.0,3060.0,460.0,310.0,360.0
f2h-2,160,620,650,700,342.0,None,None,525.0,325.0,0.74,0.77,8000.0,0,0,1356.0,0,0,0.0,0,0,3409.23,0,0,1200.0,5000.0,12500.0,14000.0,0,0,0
f3d_1,None,620,650,620,314.0,-1.0,None,460.0,314.0,0.68,0.77,8000.0,0,0,1356.0,0,0,0.0,0,0,3409.23,0,0,1200.0,5000.0,12500.0,14000.0,0,0,0
f3f-2,None,220,280,420,320.0,-1.0,None,420.4,420.4,0.62,0.639,1829.0,4633.0,0,850.0,750.0,0,0,0,0,0,0,0,850.0,500.0,2200.0,2520.0,250.0,140.0,360.0
f3h-2,None,810,750,700,463.0,-1.0,1500.0,833.0,370.0,0.86,0.88,6000.0,0,0,1200.0,0,0,-0.000649351,0,0,2574.53,0,0,1200.0,3000.0,6100.0,7500.0,0,0,0
f4d-1,222,850,700,700,407.0,-1.0,None,2550.0,2320.0,0.9,0.92,6000.0,0,0,1200.0,0,0,0.0,0,0,2574.53,0,0,4853.0,3600.0,6050.0,6520.0,0,0,0
f4f-3,156,300,330,350,320.0,-1.0,None,420.4,420.0,0.66,0.82,1158.2,3444.0,5608.0,1100.0,1090.0,1040.0,1158.21,3057.61,5608.32,1100.0,1145.17,1039.95,1100.0,400.0,2700.0,2950.0,335.218,280.0,360.0
f4f-4,156,300,330,350,320.0,-1.0,None,420.4,420.0,0.66,0.82,1158.2,3444.0,5608.0,1100.0,1090.0,1040.0,1158.21,3057.61,5608.32,1100.0,1145.17,1039.95,1100.0,400.0,2700.0,2950.0,335.218,280.0,360.0
f4f-4_martlet_mk4,156,300,330,350,320.0,-1.0,None,420.4,420.0,0.66,0.82,1860.0,3810.0,0,1115.0,1014.0,0,1860.05,3810.05,0,1114.99,1013.99,0,1100.0,400.0,2500.0,2850.0,335.218,280.0,360.0
f4u-1a,174,450,450,500,730.0,-1.0,388.0,330.0,253.0,0.66,0.768,300.0,4785.0,6400.0,2000.0,1800.0,1650.0,2438.0,6505.0,7924.0,1450.0,1350.0,1320.0,2000.0,600.0,2700.0,3060.0,450.0,310.0,360.0
f4u-1a_usmc,174,450,450,500,730.0,-1.0,388.0,330.0,253.0,0.66,0.768,300.0,4785.0,6400.0,2000.0,1800.0,1650.0,2438.0,6505.0,7924.0,1450.0,1350.0,1320.0,2000.0,600.0,2700.0,3060.0,450.0,310.0,360.0
f4u-1c,174,450,450,500,730.0,-1.0,388.0,330.0,253.0,0.66,0.768,300.0,4785.0,6400.0,2000.0,1800.0,1650.0,2438.0,6505.0,7924.0,1450.0,1350.0,1320.0,2000.0,600.0,2700.0,3060.0,450.0,310.0,360.0
f4u-1d,174,450,450,500,730.0,-1.0,388.0,330.0,253.0,0.66,0.768,300.0,4785.0,6400.0,2000.0,1800.0,1650.0,2438.0,6505.0,7924.0,1450.0,1350.0,1320.0,2000.0,600.0,2700.0,3060.0,450.0,310.0,360.0
f4u-4,174,450,220,450,730.0,-1.0,388.0,330.0,253.0,0.68,0.768,450.0,5334.0,7315.0,2100.0,1860.0,1650.0,0.0,0.0,0.0,2215.57,3645.74,4250.86,2100.0,600.0,2800.0,3120.0,450.0,310.0,360.0
f4u-4b,174,450,220,450,730.0,-1.0,388.0,330.0,253.0,0.68,0.768,300.0,5334.0,7315.0,2300.0,2000.0,1850.0,0.0,0.0,0.0,2383.48,3920.15,4766.11,2300.0,600.0,2800.0,3120.0,450.0,310.0,360.0
f4u-6_au-1,174,450,220,410,730.0,-1.0,388.0,330.0,253.0,0.68,0.768,213.001,3810.0,0,2300.0,1860.0,0,0.0,0.0,0,2358.91,2981.35,0,2300.0,600.0,2800.0,3120.0,450.0,310.0,360.0
f4u-7,126,450,220,410,730.0,-1.0,388.0,330.0,253.0,0.68,0.768,300.0,5334.0,7315.0,2300.0,2000.0,1850.0,0.0,0.0,0.0,2383.48,3920.15,4766.11,2300.0,600.0,2800.0,3120.0,450.0,310.0,360.0
f6f-3,None,430,420,420,450.0,None,None,520.4,320.4,0.6,0.8,518.0,4785.0,6000.0,2000.0,1800.0,1650.0,519.001,4786.0,6001.0,2000.0,1800.0,1650.0,2000.0,600.0,2700.0,3000.0,331.311,280.0,360.0
f6f-5,186,432,420,420,375.0,-1.0,None,510.0,310.0,0.74,0.77,518.0,4724.0,6400.0,2000.0,1800.0,1650.0,518.199,4724.2,9000.0,1999.95,1799.95,1180.0,1999.0,600.0,2701.0,3060.0,420.0,280.0,180.0
f6f-5_france,None,432,420,420,375.0,-1.0,None,510.0,310.0,0.74,0.77,518.0,4724.0,6400.0,2000.0,1800.0,1650.0,518.2,4724.2,9000.0,1999.8,1799.8,1180.0,1999.0,600.0,2701.0,3060.0,420.0,280.0,180.0
f6f-5n,186,432,420,420,375.0,-1.0,None,510.0,310.0,0.74,0.76,518.0,4724.0,6400.0,2000.0,1800.0,1650.0,518.199,4724.2,9000.0,1999.95,1799.95,1180.0,1999.0,600.0,2701.0,3060.0,420.0,280.0,180.0
f6f-5n_france,186,432,420,420,375.0,-1.0,None,510.0,310.0,0.74,0.76,518.0,4724.0,6400.0,2000.0,1800.0,1650.0,518.199,4724.2,9000.0,1999.95,1799.95,1180.0,1999.0,600.0,2701.0,3060.0,420.0,280.0,180.0
f7f1,120,466,450,480,463.0,None,None,477.8,277.8,0.7,0.7,950.0,4500.0,0,2100.0,1700.0,0,6060.0,9090.0,0,1110.0,880.0,0,2080.0,650.0,2800.0,3120.0,316.679,310.0,360.0
f7f3,120,466,450,480,463.0,None,None,477.8,277.8,0.7,0.7,850.0,4600.0,0,2100.0,1800.0,0,6060.0,9090.0,0,1120.0,990.0,0,2080.0,650.0,2800.0,3120.0,316.679,310.0,360.0
f8f1,174,465,466,600,340.0,-1.0,None,None,640.0,0.6,0.7,212.0,3820.0,0,2300.0,1950.0,0,6060.0,6060.0,0,1150.0,1500.0,0,2299.0,600.0,2801.0,3100.0,460.0,310.0,200.0
f8f1b,174,465,466,600,340.0,-1.0,None,None,640.0,0.6,0.7,212.0,3820.0,0,2300.0,1950.0,0,6060.0,6060.0,0,1150.0,1500.0,0,2299.0,600.0,2801.0,3100.0,460.0,310.0,200.0
f8f1b_france,174,465,466,600,340.0,-1.0,None,None,640.0,0.6,0.7,212.0,3820.0,0,2300.0,1950.0,0,6060.0,6060.0,0,1150.0,1500.0,0,2299.0,600.0,2801.0,3100.0,460.0,310.0,200.0
f8u-2,263,1000,590,500,428.0,-1.0,1070.0,730.0,583.0,0.91,0.92,6000.0,0,0,1200.0,0,0,0.0,0,0,2574.53,0,0,4853.0,3650.0,6400.0,6520.0,0,0,0
f9f-2,118,620,650,720,400.0,None,None,607.0,310.0,0.725,0.86,8000.0,0,0,1356.0,0,0,8000.0,0,0,1356.0,0,0,1200.0,5000.0,12300.0,16000.0,0,0,0
f9f-5,125,620,650,720,410.0,None,None,607.0,380.0,0.76,0.86,8000.0,0,0,1356.0,0,0,0.0,0,0,3409.23,0,0,1200.0,5000.0,11000.0,14000.0,0,0,0
f9f-8,160,950,790,510,410.0,None,None,620.0,410.0,0.825,0.895,8000.0,0,0,1356.0,0,0,0.0,0,0,3409.23,0,0,1200.0,5000.0,11000.0,14000.0,0,0,0
f_100d,None,640,540,610,447.0,-1.0,None,620.4,435.0,0.87,0.9,6000.0,0,0,1200.0,0,0,0.0,0,0,2574.53,0,0,1200.0,5400.0,9810.0,10400.0,0,0,0
f_100f,None,640,540,610,447.0,-1.0,None,620.4,435.0,0.87,0.9,6000.0,0,0,1200.0,0,0,0.0,0,0,2574.53,0,0,1200.0,5400.0,9810.0,10400.0,0,0,0
f_104a,158,720,950,800,546.0,-1.0,2350.0,833.0,444.0,0.91,0.92,6000.0,0,0,1200.0,0,0,0.0,0,0,2574.53,0,0,1200.0,4900.0,7510.0,10000.0,0,0,0
f_104c,158,720,950,800,546.0,-1.0,2350.0,833.0,444.0,0.91,0.92,6000.0,0,0,1200.0,0,0,0.0,0,0,2574.53,0,0,1200.0,4900.0,7510.0,10000.0,0,0,0
f_104g,158,720,950,800,546.0,-1.0,2350.0,833.0,444.0,0.91,0.92,6000.0,0,0,1200.0,0,0,0.0,0,0,2574.53,0,0,1200.0,4900.0,7510.0,10000.0,0,0,0
f_104g_italy,158,720,950,800,546.0,-1.0,2350.0,833.0,444.0,0.91,0.92,6000.0,0,0,1200.0,0,0,0.0,0,0,2574.53,0,0,1200.0,4900.0,7510.0,10000.0,0,0,0
f_104j,158,720,950,800,546.0,-1.0,2350.0,833.0,444.0,0.91,0.92,6000.0,0,0,1200.0,0,0,0.0,0,0,2574.53,0,0,1200.0,4900.0,7510.0,10000.0,0,0,0
f_104s,158,720,950,800,546.0,-1.0,2350.0,833.0,444.0,0.91,0.92,6000.0,0,0,1200.0,0,0,0.0,0,0,2574.53,0,0,1200.0,4900.0,7650.0,10000.0,0,0,0
f_104s_asa,158,720,950,800,546.0,-1.0,2350.0,833.0,444.0,0.91,0.92,6000.0,0,0,1200.0,0,0,0.0,0,0,2574.53,0,0,1200.0,4900.0,7650.0,10000.0,0,0,0
f_104s_cb,158,720,950,800,546.0,-1.0,2350.0,833.0,444.0,0.91,0.92,6000.0,0,0,1200.0,0,0,0.0,0,0,2574.53,0,0,1200.0,4900.0,7650.0,10000.0,0,0,0
f_105d,160,720,950,800,546.0,-1.0,2350.0,833.0,490.0,0.86,0.91,6000.0,0,0,1200.0,0,0,0.0,0,0,2574.53,0,0,1200.0,4900.0,8940.0,10000.0,0,0,0
f_106a_1972,299,920,750,650,426.0,-1.0,1300.0,389.0,389.0,0.91,0.91,6000.0,0,0,1160.4,0,0,0.0,0,0,2489.57,0,0,1200.0,4900.0,8940.0,10000.0,0,0,0
f_111a,160,1266,850,1801,611.0,-1.0,800.0,611.0,555.0,0,0,6000.0,0,0,897.685,0,0,6100.0,0,0,187.018,0,0,1122.11,6500.0,14200.0,15500.0,0,0,0
f_111c,160,1266,850,1801,611.0,-1.0,800.0,611.0,555.0,0,0,6000.0,0,0,897.685,0,0,6100.0,0,0,187.018,0,0,1122.11,6500.0,14200.0,15500.0,0,0,0
f_111f,160,1266,850,1801,611.0,-1.0,800.0,611.0,555.0,0,0,6000.0,0,0,897.685,0,0,6100.0,0,0,187.018,0,0,1122.11,6500.0,14200.0,15500.0,0,0,0
f_117,158,680,750,700,555.0,-1.0,None,None,1018.0,0.85,0.85,6000.0,0,0,1122.11,0,0,0.0,0,0,2407.41,0,0,1122.11,8500.0,13350.0,15000.0,0,0,0
f_14a_early,160,1266,850,1801,518.0,-1.0,1200.0,926.0,416.0,0,0,6000.0,0,0,897.685,0,0,6100.0,0,0,187.018,0,0,1122.11,6500.0,14800.0,15500.0,0,0,0
f_14a_iriaf,160,1266,850,1801,518.0,-1.0,1200.0,926.0,416.0,0,0,6000.0,0,0,897.685,0,0,6100.0,0,0,187.018,0,0,1122.11,6500.0,14800.0,15500.0,0,0,0
f_14b,160,1266,850,1801,518.0,-1.0,1200.0,926.0,416.0,0,0,6000.0,0,0,897.685,0,0,6100.0,0,0,187.018,0,0,1122.11,6500.0,14675.0,15500.0,0,0,0
f_15a,158,680,750,700,700.0,-1.0,None,1018.0,481.0,0.85,0.85,6000.0,0,0,1200.0,0,0,0.0,0,0,2574.53,0,0,1200.0,8500.0,12960.0,15500.0,0,0,0
f_15c_baz_msip,158,680,750,700,700.0,-1.0,None,1018.0,481.0,0.85,0.85,6000.0,0,0,1200.0,0,0,0.0,0,0,2574.53,0,0,1200.0,8500.0,12960.0,15500.0,0,0,0
f_15c_golden_eagle,158,680,750,700,700.0,-1.0,None,1018.0,481.0,0.85,0.85,6000.0,0,0,1200.0,0,0,0.0,0,0,2574.53,0,0,1200.0,8500.0,12960.0,15500.0,0,0,0
f_15c_msip2,158,680,750,700,700.0,-1.0,None,1018.0,481.0,0.85,0.85,6000.0,0,0,1200.0,0,0,0.0,0,0,2574.53,0,0,1200.0,8500.0,12960.0,15500.0,0,0,0
f_15e,158,680,750,700,700.0,-1.0,None,1018.0,481.0,0.85,0.85,6000.0,0,0,1200.0,0,0,0.0,0,0,2574.53,0,0,1200.0,9900.0,14000.0,14200.0,0,0,0
f_15i_raam,158,680,750,700,700.0,-1.0,None,1018.0,481.0,0.85,0.85,6000.0,0,0,1200.0,0,0,0.0,0,0,2574.53,0,0,1200.0,9900.0,14000.0,14200.0,0,0,0
f_15j,158,680,750,700,700.0,-1.0,None,1018.0,481.0,0.85,0.85,6000.0,0,0,1200.0,0,0,0.0,0,0,2574.53,0,0,1200.0,8500.0,12960.0,15500.0,0,0,0
f_15j_kai,158,680,750,700,700.0,-1.0,None,1018.0,481.0,0.85,0.85,6000.0,0,0,1200.0,0,0,0.0,0,0,2574.53,0,0,1200.0,8500.0,12960.0,15500.0,0,0,0
f_16a_block_10,158,680,750,700,482.0,-1.0,None,1018.0,463.0,0.85,0.9,6000.0,0,0,1200.0,0,0,0.0,0,0,2574.53,0,0,1200.0,8500.0,13100.0,15500.0,0,0,0
f_16a_block_10_mod,158,680,750,700,482.0,-1.0,None,1018.0,463.0,0.85,0.9,6000.0,0,0,1200.0,0,0,0.0,0,0,2574.53,0,0,1200.0,8500.0,13100.0,15500.0,0,0,0
f_16a_block_15_adf,158,680,750,700,482.0,-1.0,None,1018.0,463.0,0.85,0.9,6000.0,0,0,1200.0,0,0,0.0,0,0,2574.53,0,0,1200.0,8500.0,13100.0,15500.0,0,0,0
f_16a_block_15_adf_italy,158,680,750,700,482.0,-1.0,None,1018.0,463.0,0.85,0.9,6000.0,0,0,1200.0,0,0,0.0,0,0,2574.53,0,0,1200.0,8500.0,13100.0,15500.0,0,0,0
f_16a_block_15_belgium,158,680,750,700,482.0,-1.0,None,1018.0,463.0,0.85,0.9,6000.0,0,0,1200.0,0,0,0.0,0,0,2574.53,0,0,1200.0,8500.0,13100.0,15500.0,0,0,0
f_16a_block_15_ocu_belgium,158,680,750,700,482.0,-1.0,None,1018.0,463.0,0.85,0.9,6000.0,0,0,1200.0,0,0,0.0,0,0,2574.53,0,0,1200.0,8500.0,13100.0,15500.0,0,0,0
f_16a_block_15_ocu_thailand,158,680,750,700,482.0,-1.0,None,1018.0,463.0,0.85,0.9,6000.0,0,0,1200.0,0,0,0.0,0,0,2574.53,0,0,1200.0,8500.0,13100.0,15500.0,0,0,0
f_16a_block_20_mlu,158,680,750,700,482.0,-1.0,None,1018.0,463.0,0.85,0.9,6000.0,0,0,1200.0,0,0,0.0,0,0,2574.53,0,0,1200.0,8500.0,13100.0,15500.0,0,0,0
f_16a_block_5_netherlands,158,680,750,700,482.0,-1.0,None,1018.0,463.0,0.85,0.9,6000.0,0,0,1200.0,0,0,0.0,0,0,2574.53,0,0,1200.0,8500.0,13100.0,15500.0,0,0,0
f_16aj,158,680,750,700,482.0,-1.0,None,1018.0,463.0,0.85,0.9,6000.0,0,0,1200.0,0,0,0.0,0,0,2574.53,0,0,1200.0,8500.0,13100.0,15500.0,0,0,0
f_16am_block_15_mlu_belgium,158,680,750,700,482.0,-1.0,None,1018.0,463.0,0.85,0.9,6000.0,0,0,1200.0,0,0,0.0,0,0,2574.53,0,0,1200.0,8500.0,13100.0,15500.0,0,0,0
f_16c_block_40_barak_2,158,680,750,700,482.0,-1.0,None,1018.0,463.0,0.85,0.9,6000.0,0,0,897.685,0,0,6100.0,0,0,187.018,0,0,1122.11,6500.0,14675.0,15500.0,0,0,0
f_16c_block_50,158,680,750,700,482.0,-1.0,None,1018.0,463.0,0.85,0.9,6000.0,0,0,897.685,0,0,6100.0,0,0,187.018,0,0,1122.11,6500.0,15050.0,15500.0,0,0,0
f_16d_block_40_barak_2,158,680,750,700,482.0,-1.0,None,1018.0,463.0,0.85,0.9,6000.0,0,0,897.685,0,0,6100.0,0,0,187.018,0,0,1122.11,6500.0,14675.0,15500.0,0,0,0
f_16i_sufa,158,680,750,700,482.0,-1.0,None,1018.0,463.0,0.85,0.9,6000.0,0,0,1200.0,0,0,0.0,0,0,2574.53,0,0,1200.0,9900.0,14000.0,14200.0,0,0,0
f_2000a,158,680,750,700,700.0,-1.0,None,None,1018.0,0.92,0.92,6000.0,0,0,1200.0,0,0,0.0,0,0,2574.53,0,0,1200.0,8500.0,13100.0,15500.0,0,0,0
f_20a,158,680,750,700,482.0,-1.0,None,None,1296.0,0.92,0.92,6000.0,0,0,1122.11,0,0,0.0,0,0,2407.41,0,0,1122.11,8500.0,13350.0,15000.0,0,0,0
f_222_2,126,250,250,300,450.0,-1.0,None,None,520.4,0.603,0.639,3200.0,0,0,870.0,0,0,3200.1,0,0,869.989,0,0,760.0,600.0,2400.0,2600.0,210.0,310.0,360.0
f_2a,158,680,750,700,482.0,-1.0,None,1018.0,463.0,0.85,0.9,6000.0,0,0,897.685,0,0,6100.0,0,0,187.018,0,0,1122.11,6500.0,15050.0,15500.0,0,0,0
f_2a_adtw,158,680,750,700,482.0,-1.0,None,1018.0,463.0,0.85,0.9,6000.0,0,0,897.685,0,0,6100.0,0,0,187.018,0,0,1122.11,6500.0,15050.0,15500.0,0,0,0
f_47n_25_re_china,205,400,420,450,450.0,-1.0,None,None,520.4,0.8,0.8,8820.0,0,0,2220.0,0,0,15000.0,0,0,1730.0,0,0,2060.0,600.0,2800.0,3100.0,335.169,310.0,360.0
f_5a,158,680,750,700,444.0,-1.0,None,926.0,555.0,0.92,0.92,6000.0,0,0,1200.0,0,0,0.0,0,0,2574.53,0,0,1200.0,5500.0,16500.0,17500.0,0,0,0
f_5c_turkey,158,680,750,700,444.0,-1.0,None,926.0,555.0,0.92,0.92,6000.0,0,0,1200.0,0,0,0.0,0,0,2574.53,0,0,1200.0,5500.0,16500.0,17500.0,0,0,0
f_5e,158,680,750,700,482.0,-1.0,None,None,1203.0,0.92,0.92,6000.0,0,0,1200.0,0,0,0.0,0,0,2574.53,0,0,1200.0,5500.0,16500.0,17500.0,0,0,0
f_5e_aidc,158,680,750,700,482.0,-1.0,None,None,1203.0,0.92,0.92,6000.0,0,0,1200.0,0,0,0.0,0,0,2574.53,0,0,1200.0,5500.0,16500.0,17500.0,0,0,0
f_5e_fcu_thailand,158,680,750,700,482.0,-1.0,None,None,1203.0,0.92,0.92,6000.0,0,0,1200.0,0,0,0.0,0,0,2574.53,0,0,1200.0,5500.0,16500.0,17500.0,0,0,0
f_5t_thailand,158,680,750,700,482.0,-1.0,None,None,1203.0,0.92,0.92,6000.0,0,0,1200.0,0,0,0.0,0,0,2574.53,0,0,1200.0,5500.0,16500.0,17500.0,0,0,0
f_5th_thailand,158,680,750,700,482.0,-1.0,None,None,1203.0,0.92,0.92,6000.0,0,0,1200.0,0,0,0.0,0,0,2574.53,0,0,1200.0,5500.0,16500.0,17500.0,0,0,0
fa_18a,158,680,750,700,700.0,-1.0,None,None,1218.0,0.9,0.9,6000.0,0,0,1122.11,0,0,0.0,0,0,2407.41,0,0,1122.11,8500.0,13350.0,15000.0,0,0,0
fa_18a_hug_2_raaf,158,680,750,700,700.0,-1.0,None,None,1218.0,0.9,0.9,6000.0,0,0,1122.11,0,0,0.0,0,0,2407.41,0,0,1122.11,8500.0,13350.0,15000.0,0,0,0
fa_18c_early,158,680,750,700,700.0,-1.0,None,None,1218.0,0.9,0.9,6000.0,0,0,1122.11,0,0,0.0,0,0,2407.41,0,0,1122.11,8500.0,13350.0,15000.0,0,0,0
fa_18c_finland,158,680,750,700,700.0,-1.0,None,None,1218.0,0.9,0.9,6000.0,0,0,1122.11,0,0,0.0,0,0,2407.41,0,0,1122.11,8500.0,13350.0,15000.0,0,0,0
fa_18c_late,158,680,750,700,700.0,-1.0,None,None,1218.0,0.9,0.9,6000.0,0,0,1122.11,0,0,0.0,0,0,2407.41,0,0,1122.11,8500.0,13350.0,15000.0,0,0,0
fa_18c_late_switzerland,158,680,750,700,700.0,-1.0,None,None,1218.0,0.9,0.9,6000.0,0,0,1122.11,0,0,0.0,0,0,2407.41,0,0,1122.11,8500.0,13350.0,15000.0,0,0,0
fa_18c_mlu_2_finland,158,680,750,700,700.0,-1.0,None,None,1218.0,0.9,0.9,6000.0,0,0,1122.11,0,0,0.0,0,0,2407.41,0,0,1122.11,8500.0,13350.0,15000.0,0,0,0
fa_18d_late_malaysia,158,680,750,700,700.0,-1.0,None,None,1218.0,0.9,0.9,6000.0,0,0,1122.11,0,0,0.0,0,0,2407.41,0,0,1122.11,8500.0,13350.0,15000.0,0,0,0
fa_18e_block_2,158,680,750,700,700.0,-1.0,None,None,1218.0,0.9,0.9,6000.0,0,0,1122.11,0,0,0.0,0,0,2407.41,0,0,1122.11,10350.0,17045.0,18045.0,0,0,0
fairey_3f_mk3b,160,180,300,250,400.0,-1.0,None,520.4,320.4,0.66,0.768,1780.0,0,0,540.0,0,0,8000.0,0,0,300.0,0,0,500.0,450.0,2350.0,2800.0,715.176,166.5,360.0
fau-1,240,500,600,700,None,None,None,None,None,0,0,0.0,0,0,240.0,0,0,0.0,0,0,1200.0,0,0,0,700.0,3480.0,5040.0,0,0,0
fc_20_bis,176,280,280,410,280.0,-1.0,425.0,320.0,260.0,0.639,0.68,3800.0,0,0,828.0,0,0,7000.0,0,0,430.0,0,0,729.0,600.0,2520.0,3000.0,250.0,310.0,360.0
ffa_p16,146,600,700,600,450.0,-1.0,None,None,550.0,0.85,0.91,2000.0,0,0,1260.0,0,0,6000.0,0,0,1129.15,0,0,1200.0,2500.0,8000.0,9000.0,0,0,0
ffvs_j22_a,176,340,370,340,270.0,-1.0,None,None,520.4,0.68,0.768,3505.0,0,0,900.0,0,0,6000.0,0,0,600.0,0,0,900.0,450.0,2700.0,2850.0,320.0,270.0,160.0
ffvs_j22_b,None,380,370,340,270.0,-1.0,None,520.4,225.0,0.68,0.768,3505.0,0,0,900.0,0,0,6000.0,0,0,600.0,0,0,900.0,450.0,2700.0,2850.0,320.0,270.0,160.0
fiat_cr42,128,280,240,450,580.0,-1.0,None,520.4,320.4,0.66,0.768,4300.0,0,0,828.0,0,0,0,0,0,0,0,0,729.0,600.0,2520.0,3000.0,250.0,310.0,360.0
fiat_cr42_j11,128,280,240,450,580.0,-1.0,None,520.4,320.4,0.66,0.768,4300.0,0,0,828.0,0,0,0,0,0,0,0,0,729.0,600.0,2520.0,3000.0,250.0,310.0,360.0
fiat_g50_seria2,152,360,270,450,300.0,-1.0,600.0,340.0,260.0,0.68,0.72,3800.0,0,0,815.0,0,0,7000.0,0,0,480.0,0,0,729.0,600.0,2520.0,3000.0,300.0,310.0,360.0
fiat_g50_seria7as,156,360,270,450,300.0,-1.0,600.0,340.0,260.0,0.68,0.72,3800.0,0,0,815.0,0,0,7000.0,0,0,480.0,0,0,729.0,600.0,2520.0,3000.0,300.0,310.0,360.0
fiat_g91_ps,160,800,650,660,345.0,None,None,620.4,345.0,0.871,0.895,6000.0,0,0,1200.0,0,0,0.0,0,0,2574.53,0,0,1200.0,3500.0,9900.0,10000.0,0,0,0
fiat_g91_r1,160,800,650,660,345.0,None,None,620.4,345.0,0.871,0.895,6000.0,0,0,1200.0,0,0,0.0,0,0,2574.53,0,0,1200.0,3500.0,10120.0,14000.0,0,0,0
fiat_g91_r3,160,800,650,660,345.0,None,None,620.4,345.0,0.871,0.895,6000.0,0,0,1200.0,0,0,0.0,0,0,2574.53,0,0,1200.0,3500.0,10120.0,14000.0,0,0,0
fiat_g91_r4,160,800,650,660,345.0,None,None,620.4,345.0,0.871,0.895,6000.0,0,0,1200.0,0,0,0.0,0,0,2574.53,0,0,1200.0,3500.0,10120.0,14000.0,0,0,0
fiat_g91_y,None,800,650,660,371.0,-1.0,None,620.4,371.0,0.855,0.895,6000.0,0,0,1200.0,0,0,0.0,0,0,2574.53,0,0,1200.0,5500.0,16500.0,17500.0,0,0,0
fiat_g91_ys,None,800,650,660,371.0,-1.0,None,620.4,371.0,0.855,0.895,6000.0,0,0,1200.0,0,0,0.0,0,0,2574.53,0,0,1200.0,5500.0,16500.0,17500.0,0,0,0
firebrand_tf4,160,433,500,550,300.0,None,None,420.0,250.0,0.66,0.81,1023.0,3880.0,0,2150.0,1975.0,0,12000.0,12000.0,0,660.0,720.0,0,2090.0,500.0,2700.0,3100.0,307.168,360.0,360.0
firefly_mk1,165,321,400,410,270.0,None,600.0,330.0,242.0,0.67,0.82,1980.0,4350.0,0,1510.0,1370.0,0,10000.0,8000.0,0,550.0,860.0,0,1390.0,450.0,2750.0,3100.0,316.14,185.0,360.0
firefly_mk5,165,321,400,410,280.0,None,600.0,330.0,250.0,0.67,0.82,2400.0,6400.0,0,1510.0,1410.0,0,10000.0,9000.0,0,650.0,1020.0,0,1390.0,450.0,2750.0,3100.0,314.403,185.0,360.0
fj_4b,None,750,690,680,435.0,-1.0,None,620.4,435.0,0.89,0.91,6000.0,0,0,1200.0,0,0,0.0,0,0,2574.53,0,0,1200.0,3000.0,8300.0,10000.0,0,0,0
fokker_d21_mod20,151,320,240,500,290.0,-1.0,380.0,280.0,240.0,0.7,0.7,4602.0,0,0,750.0,0,0,0,0,0,0,0,0,670.0,600.0,2750.0,3100.0,320.0,310.0,360.0
fokker_d21_netherlands,126,320,240,500,290.0,-1.0,380.0,280.0,240.0,0.7,0.7,4602.0,0,0,750.0,0,0,0.0,0,0,1333.38,0,0,670.0,600.0,2750.0,3100.0,320.0,310.0,360.0
fokker_d21_serie3_finland,151,320,240,500,290.0,-1.0,380.0,280.0,240.0,0.7,0.7,4602.0,0,0,750.0,0,0,0,0,0,0,0,0,670.0,600.0,2750.0,3100.0,320.0,310.0,360.0
fokker_d23,157,350,350,350,285.0,-1.0,450.0,340.0,280.0,0.66,0.891,3800.0,0,0,500.0,0,0,7000.0,0,0,300.0,0,0,450.0,800.0,2600.0,2750.0,280.0,140.0,360.0
fokker_d7,82,300,300,300,500.0,-1.0,None,None,520.4,0.66,0.768,1700.0,0,0,204.0,0,0,6000.0,0,0,70.0,0,0,180.0,600.0,1600.0,2000.0,190.0,170.0,360.0
fokker_g1a,179,280,220,260,280.0,-1.0,None,None,350.0,0.6,0.6,4002.0,0,0,750.0,0,0,0.0,0,0,1333.38,0,0,670.0,600.0,2750.0,3100.0,320.0,310.0,360.0
fr_1_fireball,174,490,466,550,340.0,-1.0,None,None,640.0,0.6,0.7,1690.0,5330.0,0,1220.0,900.0,0,822.0,5330.0,0,1200.0,900.0,0,1210.0,450.0,2600.0,2700.0,324.461,285.0,360.0
fury_mk1,None,260,200,300,600.0,-1.0,None,520.4,320.4,0.68,0.768,3705.0,0,0,600.0,0,0,0,0,0,0,0,0,525.0,450.0,2500.0,3000.0,200.0,180.0,360.0
fury_mk2,None,260,200,300,600.0,-1.0,None,520.4,320.4,0.68,0.768,4267.0,0,0,640.0,0,0,0,0,0,0,0,0,640.0,450.0,2900.0,3000.0,200.0,180.0,360.0
fw-190a-1,176,420,300,550,310.0,-1.0,900.0,700.0,310.0,0.68,0.7,700.0,4600.0,0,1440.0,1291.0,0,2200.0,7000.0,0,1212.0,960.0,0,1360.0,600.0,2700.0,3000.0,320.0,260.0,360.0
fw-190a-4,None,420,300,550,310.0,-1.0,900.0,700.0,310.0,0.68,0.7,700.0,5300.0,0,1498.0,1301.0,0,0,9000.0,0,0,690.0,0,1470.0,600.0,2700.0,3000.0,320.0,260.0,360.0
fw-190a-5,229,410,320,450,310.0,-1.0,900.0,700.0,310.0,0.7,0.7,700.0,5300.0,0,1498.0,1301.0,0,0,9000.0,0,0,650.0,0,1470.0,600.0,2700.0,3000.0,320.0,260.0,360.0
fw-190a-5_cannons,229,410,320,450,310.0,-1.0,900.0,700.0,310.0,0.7,0.7,700.0,5300.0,0,1498.0,1301.0,0,0,9000.0,0,0,650.0,0,1470.0,600.0,2700.0,3000.0,320.0,260.0,360.0
fw-190a-5_u14,229,410,320,450,310.0,-1.0,900.0,700.0,310.0,0.7,0.7,700.0,5300.0,0,1498.0,1301.0,0,0,9000.0,0,0,650.0,0,1470.0,600.0,2700.0,3000.0,320.0,260.0,360.0
fw-190a-5_u2,229,410,320,450,310.0,-1.0,900.0,700.0,310.0,0.7,0.7,700.0,5300.0,0,1498.0,1301.0,0,0,9000.0,0,0,650.0,0,1470.0,600.0,2700.0,3000.0,320.0,260.0,360.0
fw-190a-8,None,420,300,550,310.0,-1.0,900.0,700.0,310.0,0.68,0.7,700.0,5300.0,0,1498.0,1301.0,0,0,9000.0,0,0,720.0,0,1470.0,600.0,2700.0,3000.0,320.0,260.0,360.0
fw-190a-8_france,None,420,300,550,310.0,-1.0,900.0,700.0,310.0,0.68,0.7,700.0,5300.0,0,1498.0,1301.0,0,0,9000.0,0,0,720.0,0,1470.0,600.0,2700.0,3000.0,320.0,260.0,360.0
fw-190c,None,420,300,550,310.0,-1.0,900.0,700.0,310.0,0.68,0.836,13800.0,0,0,1510.0,0,0,0,0,0,0,0,0,1580.0,500.0,2700.0,2900.0,320.0,170.0,360.0
fw-190d-12,None,420,300,550,310.0,-1.0,900.0,700.0,310.0,0.68,0.836,2600.0,6800.0,9700.0,1750.0,1540.0,1230.0,12000.0,12001.0,13002.0,800.0,600.0,790.0,1730.0,1354.0,3250.0,3650.0,320.0,170.0,360.0
fw-190d-13,None,420,300,550,310.0,-1.0,900.0,700.0,310.0,0.68,0.836,2600.0,6800.0,9700.0,1750.0,1540.0,1230.0,12000.0,12001.0,13002.0,800.0,600.0,790.0,1730.0,1354.0,3250.0,3650.0,320.0,170.0,360.0
fw-190d-9,None,420,300,550,310.0,-1.0,900.0,700.0,310.0,0.68,0.836,2350.0,5500.0,0,1725.0,1577.0,0,7800.0,8000.0,0,789.0,1150.0,0,1745.0,1354.0,3250.0,3650.0,320.0,170.0,360.0
fw-190f-8,None,420,300,550,310.0,-1.0,900.0,700.0,310.0,0.68,0.7,700.0,5300.0,0,1498.0,1301.0,0,0,9000.0,0,0,720.0,0,1470.0,600.0,2700.0,3000.0,320.0,260.0,360.0
fw_189a_1,179,380,360,390,190.0,-1.0,None,None,250.0,0.6,0.6,2600.0,0,0,385.0,0,0,0.0,0,0,528.785,0,0,380.0,2790.0,3100.0,3400.0,280.0,160.0,360.0
fw_200c_1,163,260,230,260,200.0,-1.0,None,None,350.0,0.6,0.6,1150.0,0,0,934.8,0,0,5500.0,0,0,516.0,0,0,880.0,500.0,2550.0,2650.0,292.152,265.0,360.0
g4m1,162,360,360,360,300.0,-1.0,None,None,450.0,0.645,0.765,2350.0,6000.0,0,1400.0,1280.0,0,2351.0,6001.0,0,1399.82,1279.82,0,1290.0,600.0,2450.0,3100.0,324.461,285.0,360.0
g5n1,174,300,180,270,280.0,-1.0,None,380.0,230.0,0.6,0.8,2300.0,4114.8,0,1460.0,1360.0,0,2301.0,4115.0,0,1459.82,1359.96,0,1340.0,600.0,2450.0,2600.0,335.218,280.0,360.0
g8n1,210,340,350,410,330.0,-1.0,None,340.0,270.0,0.62,0.77,7570.0,0,0,1850.0,0,0,7570.2,0,0,1849.95,0,0,1825.0,600.0,3001.0,3200.0,280.0,290.0,160.0
g_55_serie1,None,400,420,450,260.0,-1.0,None,460.0,260.0,0.68,0.82,5700.0,0,0,1260.0,0,0,10000.0,0,0,770.0,0,0,1280.0,500.0,2800.0,3150.0,714.92,166.5,360.0
g_55_serie1_ss0,None,400,420,450,260.0,-1.0,None,460.0,260.0,0.68,0.82,5700.0,0,0,1260.0,0,0,10000.0,0,0,770.0,0,0,1280.0,500.0,2800.0,3150.0,714.92,166.5,360.0
g_55s,None,400,420,450,260.0,-1.0,None,460.0,260.0,0.68,0.82,5700.0,0,0,1260.0,0,0,10000.0,0,0,770.0,0,0,1280.0,500.0,2800.0,3150.0,714.92,166.5,360.0
g_56,None,400,420,450,360.0,-1.0,None,460.0,260.0,0.68,0.82,6000.0,0,0,1500.0,0,0,11000.0,0,0,820.0,0,0,1580.0,450.0,2700.0,2900.0,314.334,150.0,360.0
g_lynx,176,482,400,500,420.0,-1.0,564.0,351.0,315.0,-0.01,-0.01,6000.0,0,0,960.0,0,0,6100.0,0,0,200.0,0,0,1185.0,16000.0,27700.0,36000.0,0,0,0
gl_832,140,180,180,180,550.0,-1.0,None,None,520.4,0.665,0.765,1011.0,0,0,230.0,0,0,1011.5,0,0,229.0,0,0,230.0,450.0,2200.0,2450.0,324.474,285.0,360.0
gladiator_j8a,102,240,180,330,560.0,-1.0,None,None,520.4,0.6,0.603,4115.0,0,0,810.0,0,0,0.0,0,0,1350.85,0,0,720.0,450.0,2750.0,3100.0,190.0,310.0,360.0
gladiator_mk1_belgium,102,240,180,330,560.0,-1.0,None,None,520.4,0.6,0.603,4115.0,0,0,810.0,0,0,0.0,0,0,1350.85,0,0,720.0,450.0,2750.0,3100.0,190.0,310.0,360.0
gladiator_mk1_china,102,240,180,330,560.0,-1.0,None,None,520.4,0.6,0.603,4115.0,0,0,810.0,0,0,0.0,0,0,1350.85,0,0,720.0,450.0,2750.0,3100.0,190.0,310.0,360.0
gladiator_mk2,102,240,180,330,560.0,-1.0,None,None,520.4,0.6,0.603,4100.0,0,0,810.0,0,0,6096.0,0,0,630.0,0,0,712.0,450.0,2750.0,3100.0,190.0,310.0,360.0
gladiator_mk2_navy,105,240,180,330,560.0,-1.0,None,None,520.4,0.6,0.603,4100.0,0,0,810.0,0,0,6096.0,0,0,630.0,0,0,712.0,450.0,2750.0,3100.0,190.0,310.0,360.0
gladiator_mk2_tuck,102,240,180,330,560.0,-1.0,None,None,520.4,0.6,0.603,4100.0,0,0,810.0,0,0,6096.0,0,0,630.0,0,0,712.0,450.0,2750.0,3100.0,190.0,310.0,360.0
go229_v3,180,570,600,420,450.0,-1.0,None,580.4,380.4,0.81,0.85,6000.0,0,0,960.0,0,0,0.0,0,0,2574.53,0,0,1200.0,2700.0,10000.0,12000.0,0,0,0
h6k4,174,240,240,240,450.0,-1.0,None,None,520.4,0.6,0.7,1500.0,0,0,1050.0,0,0,6000.0,0,0,780.0,0,0,920.0,450.0,2550.0,2800.0,340.907,265.0,360.0
h8k2,168,360,360,360,450.0,-1.0,None,420.0,260.0,0,0,2103.0,5500.0,0,1655.0,1520.0,0,2104.0,5501.0,0,1654.79,1519.79,0,1550.0,150.0,2600.0,3000.0,340.907,265.0,360.0
h8k3,168,360,360,360,450.0,-1.0,None,420.0,260.0,0,0,2103.0,5500.0,0,1655.0,1520.0,0,2104.0,5501.0,0,1654.79,1519.79,0,1550.0,150.0,2600.0,3000.0,340.907,265.0,360.0
h_34,None,482,400,500,420.0,-1.0,564.0,351.0,315.0,-0.01,-0.01,800.0,0,0,1440.0,0,0,2850.0,0,0,1100.0,0,0,1420.0,600.0,2700.0,3300.0,340.907,265.0,360.0
h_34_france,None,482,400,500,420.0,-1.0,564.0,351.0,315.0,-0.01,-0.01,800.0,0,0,1440.0,0,0,2850.0,0,0,1100.0,0,0,1420.0,600.0,2700.0,3300.0,340.907,265.0,360.0
h_75a_1_france,None,290,380,420,290.0,-1.0,None,520.4,232.0,0.66,0.72,3352.0,0,0,900.0,0,0,0,0,0,0,0,0,900.0,600.0,2700.0,3185.0,300.0,310.0,360.0
h_75a_2_finland,None,420,185,360,290.0,-1.0,None,520.4,232.0,0.66,0.72,3658.0,0,0,900.0,0,0,0,0,0,0,0,0,900.0,600.0,2550.0,3185.0,300.0,310.0,360.0
h_75a_4_france,126,420,380,420,290.0,-1.0,None,520.4,232.0,0.66,0.72,2133.0,4571.0,0,1000.0,900.0,0,2133.05,0.0,0,1000.0,1593.52,0,1000.0,600.0,2500.0,3100.0,300.0,310.0,360.0
h_75m_china,126,320,380,360,290.0,-1.0,None,None,520.4,0.66,0.72,2651.76,0,0,840.0,0,0,2652.0,0,0,839.0,0,0,760.0,600.0,2200.0,2850.0,300.0,310.0,360.0
halifax_mk3,207,350,350,300,260.0,-1.0,None,520.0,260.0,0.6,0.6,1447.0,4115.0,0,1400.0,1300.0,0,6000.0,6002.0,0,780.0,1010.0,0,1320.0,450.0,2800.0,3200.0,280.0,330.0,360.0
harrier_frs1,158,648,950,790,648.0,-1.0,1111.0,926.0,556.0,0.85,0.91,6000.0,0,0,1160.4,0,0,0.0,0,0,2489.57,0,0,1160.4,4900.0,7510.0,10000.0,0,0,0
harrier_gr1,158,648,950,790,648.0,-1.0,1111.0,926.0,556.0,0.85,0.91,6000.0,0,0,1160.4,0,0,0.0,0,0,2489.57,0,0,1160.4,4800.0,7460.0,10000.0,0,0,0
harrier_gr3,158,648,950,790,648.0,-1.0,1111.0,926.0,556.0,0.85,0.91,6000.0,0,0,1160.4,0,0,0.0,0,0,2489.57,0,0,1160.4,4900.0,7510.0,10000.0,0,0,0
harrier_gr7,158,648,950,790,648.0,-1.0,973.0,833.0,556.0,0.85,0.91,6000.0,0,0,1160.4,0,0,0.0,0,0,2489.57,0,0,1160.4,4900.0,7510.0,10000.0,0,0,0
harrier_t10,158,648,950,790,648.0,-1.0,973.0,833.0,556.0,0.85,0.91,6000.0,0,0,1160.4,0,0,0.0,0,0,2489.57,0,0,1160.4,4900.0,7510.0,10000.0,0,0,0
hawk_200,319,650,650,590,437.0,-1.0,None,None,615.0,0.8,0.84,6000.0,0,0,1200.0,0,0,0.0,0,0,2574.53,0,0,1200.0,4600.0,11650.0,11952.0,0,0,0
hawk_200_rda,319,650,650,590,437.0,-1.0,None,None,615.0,0.8,0.84,6000.0,0,0,1200.0,0,0,0.0,0,0,2574.53,0,0,1200.0,4600.0,11650.0,11952.0,0,0,0
hawk_209_indonesia,150,650,650,590,437.0,-1.0,None,None,615.0,0.8,0.84,6000.0,0,0,1200.0,0,0,0.0,0,0,2574.53,0,0,2651.0,4600.0,11650.0,11952.0,0,0,0
hawk_iii,176,240,220,400,280.0,-1.0,320.0,240.0,190.0,0.62,0.72,2926.0,0,0,745.0,0,0,0.0,0,0,1066.24,0,0,685.0,500.0,2200.0,2520.0,250.0,140.0,360.0
he-111h-16_winter,161,310,300,270,300.0,-1.0,None,350.0,260.0,0.55,0.75,5800.0,0,0,1060.0,0,0,5801.0,0,0,1060.0,0,0,1120.0,420.0,2600.0,2750.0,331.221,155.0,360.0
he-111h-2,169,310,300,270,350.0,-1.0,None,420.0,260.0,0.55,0.75,6300.0,0,0,930.0,0,0,6301.0,0,0,929.872,0,0,932.0,420.0,2400.0,2550.0,331.739,155.0,360.0
he-111h-6,163,310,300,270,350.0,-1.0,None,420.0,260.0,0.55,0.75,5600.0,0,0,1060.0,0,0,5601.0,0,0,1060.0,0,0,1120.0,420.0,2600.0,2750.0,331.221,155.0,360.0
he-162a-2,240,500,500,580,350.0,None,None,700.0,500.0,0.75,0.85,6000.0,0,0,960.0,0,0,6100.0,0,0,200.0,0,0,1200.0,3000.0,9800.0,11000.0,0,0,0
he-177a-5,163,300,310,360,260.0,-1.0,None,None,450.0,0.6,0.6,5700.0,0,0,2520.0,0,0,10000.0,0,0,1540.0,0,0,2560.0,500.0,2800.0,3150.0,715.176,166.5,360.0
he51a1,None,180,300,300,500.0,-1.0,None,520.4,320.4,0.66,0.768,0.0,0,0,750.0,0,0,5000.0,0,0,380.0,0,0,750.0,600.0,1700.0,2000.0,190.0,170.0,360.0
he51b1,None,180,300,300,550.0,-1.0,None,520.4,320.4,0.66,0.768,0.0,0,0,750.0,0,0,5000.0,0,0,385.0,0,0,750.0,600.0,1700.0,2000.0,190.0,170.0,360.0
he51b_2w,146,180,300,300,500.0,-1.0,None,520.4,320.4,0.66,0.768,0.0,0,0,750.0,0,0,5000.0,0,0,370.0,0,0,750.0,600.0,1700.0,2000.0,190.0,170.0,360.0
he51c1,None,180,300,300,550.0,-1.0,None,520.4,320.4,0.66,0.768,0.0,0,0,750.0,0,0,5000.0,0,0,385.0,0,0,750.0,600.0,1700.0,2000.0,190.0,170.0,360.0
he51c1_late,None,180,300,300,550.0,-1.0,None,520.4,320.4,0.66,0.768,0.0,0,0,750.0,0,0,5000.0,0,0,385.0,0,0,750.0,600.0,1700.0,2000.0,190.0,170.0,360.0
he_100d_1,140,340,420,400,320.0,-1.0,450.0,390.0,280.0,0.7,0.78,4000.0,0,0,1020.0,0,0,6000.0,0,0,850.0,0,0,990.0,450.0,2400.0,3000.0,312.153,160.0,360.0
he_112a_0,136,280,320,360,300.0,-1.0,None,420.0,270.0,0.59,0.6,2800.0,0,0,640.0,0,0,2800.1,0,0,639.992,0,0,600.0,400.0,2700.0,2800.0,314.718,155.0,360.0
he_112b_0,146,280,320,360,300.0,-1.0,None,520.4,320.4,0,0,1250.0,3150.0,0,640.0,600.0,0,1250.1,5000.0,0,639.992,480.0,0,620.0,400.0,2700.0,2800.0,312.153,160.0,360.0
he_112b_1,146,280,320,360,300.0,-1.0,None,520.4,320.4,0,0,1250.0,3150.0,0,640.0,600.0,0,1250.1,5000.0,0,639.992,480.0,0,620.0,400.0,2700.0,2800.0,312.153,160.0,360.0
he_112b_2,145,280,320,360,450.0,-1.0,None,520.4,320.4,0,0,1250.0,3150.0,0,666.0,641.0,0,1250.1,5000.0,0,665.992,506.0,0,646.0,445.0,2700.0,2800.0,312.153,160.0,360.0
he_112v_5,136,280,320,360,300.0,-1.0,None,420.0,270.0,0.59,0.6,1250.0,3450.0,0,640.0,600.0,0,1250.1,5000.0,0,639.992,480.0,0,620.0,400.0,2700.0,2800.0,312.153,160.0,360.0
he_115a_2_sweden,174,310,300,270,350.0,-1.0,None,420.0,260.0,0.55,0.75,850.0,0,0,830.0,0,0,2.0,0,0,829.0,0,0,810.0,500.0,2550.0,2650.0,292.152,265.0,360.0
he_115c_1,174,310,300,270,350.0,-1.0,None,420.0,260.0,0.55,0.75,850.0,0,0,830.0,0,0,2.0,0,0,829.0,0,0,810.0,500.0,2550.0,2650.0,292.152,265.0,360.0
he_219a_7,176,440,420,490,310.0,-1.0,None,None,490.0,0.65,0.8,7300.0,0,0,1440.0,0,0,12000.0,0,0,900.0,0,0,1550.0,500.0,2700.0,3200.0,280.0,155.0,360.0
hkp2,176,482,400,500,320.0,-1.0,1564.0,1351.0,1315.0,-0.01,-0.01,6000.0,0,0,960.0,0,0,6100.0,0,0,200.0,0,0,380.0,5000.0,34000.0,39000.0,0,0,0
hkp3c,193,482,400,500,420.0,-1.0,564.0,351.0,315.0,-0.01,-0.01,6000.0,0,0,960.0,0,0,6100.0,0,0,200.0,0,0,1250.0,3000.0,6600.0,10000.0,0,0,0
hkp9a_cb2,176,482,400,500,320.0,-1.0,1564.0,1351.0,1315.0,-0.01,-0.01,6000.0,0,0,960.0,0,0,6100.0,0,0,200.0,0,0,420.0,2000.0,6000.0,7200.0,0,0,0
hkp9a_cb3_fc,176,482,400,500,320.0,-1.0,1564.0,1351.0,1315.0,-0.01,-0.01,6000.0,0,0,960.0,0,0,6100.0,0,0,200.0,0,0,420.0,2000.0,6000.0,7200.0,0,0,0
hornet_mk1,None,420,390,450,324.0,-1.0,None,380.0,287.0,0,0,3348.0,6753.0,0,1410.0,1315.0,0,10000.0,10090.0,0,500.0,800.0,0,1310.0,450.0,3000.0,3300.0,324.457,185.0,360.0
hornet_mk3,None,420,390,450,324.0,-1.0,None,380.0,287.0,0,0,3348.0,6753.0,0,1410.0,1315.0,0,10000.0,10090.0,0,500.0,800.0,0,1310.0,450.0,3000.0,3300.0,324.457,185.0,360.0
hp52_hampden,None,315,310,350,225.0,None,None,401.0,201.0,0.5,0.8,4300.0,0,0,830.0,0,0,4301.0,0,0,830.0,0,0,724.186,600.0,2750.0,2975.0,312.946,310.0,360.0
hp52_hampden_mk1_late,184,315,310,300,225.0,-1.0,None,410.0,210.0,0.603,0.639,1448.0,4496.0,0,815.0,750.0,0,4500.0,0.0,0,500.0,1314.87,0,780.0,600.0,2600.0,2825.0,200.0,310.0,360.0
hp52_hampden_tbmk1,184,315,310,300,225.0,-1.0,None,410.0,210.0,0.603,0.639,1448.0,4496.0,0,815.0,750.0,0,4500.0,0.0,0,500.0,1314.87,0,780.0,600.0,2600.0,2825.0,200.0,310.0,360.0
hp52_hampden_tbmk1_ussr_utk1,184,315,310,300,225.0,-1.0,None,410.0,210.0,0.603,0.639,1448.0,4496.0,0,815.0,750.0,0,4500.0,0.0,0,500.0,1314.87,0,780.0,600.0,2600.0,2825.0,200.0,310.0,360.0
hp_12,126,200,200,200,450.0,-1.0,None,None,520.4,0.6,0.6,100.0,0,0,350.0,0,0,100.0,0,0,350.0,0,0,360.0,600.0,1800.0,2000.0,190.0,170.0,360.0
hs-129b-2,176,320,320,300,295.0,-1.0,314.0,272.0,245.0,0.65,0.67,3400.0,0,0,650.0,0,0,7000.0,0,0,395.0,0,0,590.0,450.0,3030.0,3420.0,280.0,265.0,160.0
hs-129b-3,176,320,320,300,295.0,-1.0,314.0,272.0,245.0,0.65,0.67,3400.0,0,0,650.0,0,0,7000.0,0,0,395.0,0,0,590.0,450.0,3030.0,3420.0,280.0,265.0,160.0
hs_123a_1,None,220,220,380,590.0,-1.0,320.0,240.0,190.0,0.66,0.72,850.0,0,0,660.0,0,0,4800.0,0,0,390.0,0,0,640.0,500.0,2049.0,2600.0,270.0,310.0,360.0
hudson_mk_v,167,260,290,320,235.0,-1.0,None,340.0,235.0,0.665,0.8,1860.0,3810.0,0,1100.0,1000.0,0,1159.0,2927.0,0,1198.73,1119.81,0,1100.0,300.0,2700.0,2900.0,324.474,285.0,360.0
hunter_f1,280,850,600,650,450.0,-1.0,None,648.0,465.0,0.845,0.865,6000.0,0,0,1200.0,0,0,0.0,0,0,2574.53,0,0,1200.0,2750.0,7900.0,10000.0,0,0,0
hunter_f4_mk50,299,850,600,650,450.0,-1.0,None,648.0,465.0,0.845,0.865,6000.0,0,0,1200.0,0,0,0.0,0,0,2574.53,0,0,1200.0,2750.0,7900.0,10000.0,0,0,0
hunter_f58a,290,850,600,690,450.0,-1.0,None,648.0,465.0,0.85,0.875,6000.0,0,0,1200.0,0,0,0.0,0,0,2574.53,0,0,1200.0,2750.0,8000.0,10000.0,0,0,0
hunter_f6,290,850,600,690,450.0,-1.0,None,648.0,465.0,0.85,0.875,6000.0,0,0,1200.0,0,0,0.0,0,0,2574.53,0,0,1200.0,2750.0,8000.0,10000.0,0,0,0
hunter_f6_holland,290,850,600,690,450.0,-1.0,None,648.0,465.0,0.85,0.875,6000.0,0,0,1200.0,0,0,0.0,0,0,2574.53,0,0,1200.0,2750.0,8000.0,10000.0,0,0,0
hunter_f9,290,850,600,690,450.0,-1.0,None,648.0,465.0,0.85,0.875,6000.0,0,0,1200.0,0,0,0.0,0,0,2574.53,0,0,1200.0,2750.0,8000.0,10000.0,0,0,0
hurricane_mk1,126,370,250,380,320.0,-1.0,285.0,235.0,202.0,0.6,0.768,4953.0,0,0,1030.0,0,0,6858.0,0,0,780.0,0,0,900.0,600.0,3000.0,3600.0,410.0,170.0,310.0
hurricane_mk1b,126,370,250,380,320.0,-1.0,285.0,235.0,202.0,0.6,0.768,4953.0,0,0,1030.0,0,0,6858.0,0,0,780.0,0,0,900.0,600.0,3000.0,3600.0,410.0,170.0,310.0
hurricane_mk1c,126,370,250,380,320.0,-1.0,285.0,235.0,202.0,0.6,0.768,4953.0,0,0,1030.0,0,0,6858.0,0,0,780.0,0,0,900.0,600.0,3000.0,3600.0,410.0,170.0,310.0
hurricane_mk4,126,370,250,380,320.0,-1.0,285.0,235.0,202.0,0.6,0.768,3352.0,5638.0,0,1200.0,1150.0,0,7010.0,9143.0,0,720.0,640.0,0,1120.0,600.0,3000.0,3600.0,410.0,170.0,310.0
hurricanemkii,176,370,250,380,320.0,-1.0,285.0,235.0,202.0,0.6,0.768,3352.0,5638.0,0,1200.0,1150.0,0,7010.0,9143.0,0,720.0,640.0,0,1100.0,600.0,3000.0,3600.0,410.0,170.0,310.0
hurricanemkii_ussr,176,370,250,380,320.0,-1.0,285.0,235.0,202.0,0.6,0.768,3352.0,5638.0,0,1200.0,1150.0,0,7010.0,9143.0,0,720.0,640.0,0,1100.0,600.0,3000.0,3600.0,410.0,170.0,310.0
i-153_m62,95,180,240,380,450.0,-1.0,None,520.4,320.4,0.62,0.639,1530.0,4200.0,0,840.0,800.0,0,6000.0,8000.0,0,470.0,470.0,0,820.0,500.0,2200.0,2400.0,250.0,310.0,360.0
i-153p,95,180,240,380,450.0,-1.0,None,520.4,320.4,0.62,0.639,1500.0,4200.0,0,840.0,800.0,0,6000.0,8000.0,0,470.0,470.0,0,820.0,500.0,2200.0,2350.0,250.0,310.0,360.0
i-15_1934,None,250,260,260,560.0,-1.0,None,520.4,320.4,0.62,0.639,2500.0,0,0,730.0,0,0,7000.0,0,0,320.0,0,0,650.0,400.0,1960.0,2350.0,190.0,310.0,360.0
i-15_1935,None,250,260,260,560.0,-1.0,None,520.4,320.4,0.62,0.639,1500.0,0,0,480.0,0,0,0,0,0,0,0,0,480.0,300.0,1600.0,2200.0,190.0,310.0,360.0
i-15_1935_moscow,None,250,260,260,560.0,-1.0,None,520.4,320.4,0.62,0.639,2500.0,0,0,730.0,0,0,7000.0,0,0,380.0,0,0,650.0,400.0,2100.0,2350.0,190.0,310.0,360.0
i-15bis,120,180,360,240,580.0,-1.0,None,None,520.4,0.65,0.72,2900.0,0,0,750.0,0,0,7100.0,0,0,400.0,0,0,700.0,400.0,2100.0,2500.0,190.0,310.0,360.0
i-15bis_krasnolutsky,120,180,360,240,580.0,-1.0,None,None,520.4,0.65,0.72,2900.0,0,0,750.0,0,0,7100.0,0,0,400.0,0,0,700.0,400.0,2100.0,2500.0,190.0,310.0,360.0
i-16_chung_28,None,220,240,280,260.0,-1.0,None,None,700.0,0,0,2926.0,0,0,745.0,0,0,0,0,0,0,0,0,670.0,500.0,2200.0,2520.0,250.0,140.0,360.0
i-16_type10,None,300,240,280,260.0,-1.0,None,None,260.0,0,0,2900.0,0,0,750.0,0,0,7000.0,0,0,415.0,0,0,700.0,400.0,2200.0,2500.0,190.0,310.0,360.0
i-16_type17,None,300,240,280,260.0,-1.0,None,None,260.0,0,0,2900.0,0,0,750.0,0,0,7000.0,0,0,415.0,0,0,700.0,400.0,2200.0,2500.0,190.0,310.0,360.0
i-16_type18,None,300,240,280,260.0,-1.0,None,None,260.0,0,0,1530.0,4200.0,0,850.0,800.0,0,6000.0,8000.0,0,470.0,440.0,0,830.0,500.0,2200.0,2350.0,190.0,310.0,360.0
i-16_type24,None,300,240,280,260.0,-1.0,420.0,320.0,260.0,0,0,1800.0,4500.0,0,1000.0,900.0,0,6000.0,8000.0,0,530.0,490.0,0,930.0,500.0,2300.0,2500.0,190.0,310.0,360.0
i-16_type27,None,300,240,280,260.0,-1.0,None,None,260.0,0,0,1530.0,4200.0,0,850.0,800.0,0,6000.0,8000.0,0,470.0,440.0,0,830.0,500.0,2200.0,2350.0,190.0,310.0,360.0
i-16_type28,None,300,240,280,260.0,-1.0,420.0,320.0,260.0,0,0,1800.0,4500.0,0,1000.0,900.0,0,6000.0,8000.0,0,530.0,490.0,0,930.0,500.0,2300.0,2500.0,190.0,310.0,360.0
i-16_type5,None,220,240,280,260.0,-1.0,None,None,700.0,0,0,2500.0,0,0,730.0,0,0,7000.0,0,0,330.0,0,0,650.0,400.0,2100.0,2350.0,190.0,310.0,360.0
i-225,None,350,280,400,320.0,-1.0,400.0,320.0,280.0,0.71,0.83,8800.0,0,0,1500.0,0,0,0,0,0,0,0,0,1750.0,500.0,2500.0,2700.0,370.0,170.0,320.0
i_180,None,300,240,300,260.0,-1.0,420.0,320.0,250.0,0.68,0.7,4000.0,6000.0,0,1100.0,1000.0,0,0,9000.0,0,0,600.0,0,950.0,450.0,2375.0,2800.0,190.0,310.0,360.0
i_180_event01,None,300,240,300,260.0,-1.0,420.0,320.0,250.0,0.68,0.7,4000.0,6000.0,0,1100.0,1000.0,0,0,9000.0,0,0,600.0,0,950.0,450.0,2375.0,2800.0,190.0,310.0,360.0
i_180_event02,None,300,240,300,260.0,-1.0,420.0,320.0,250.0,0.68,0.7,4000.0,6000.0,0,1100.0,1000.0,0,0,9000.0,0,0,600.0,0,950.0,450.0,2375.0,2800.0,190.0,310.0,360.0
i_180_event04,None,300,240,300,260.0,-1.0,420.0,320.0,250.0,0.68,0.7,4000.0,6000.0,0,1100.0,1000.0,0,0,9000.0,0,0,600.0,0,950.0,450.0,2375.0,2800.0,190.0,310.0,360.0
i_185_m71_standard,213,400,280,500,320.0,-1.0,400.0,320.0,280.0,0.68,0.83,2250.0,5000.0,0,1800.0,1700.0,0,0,0,0,0,0,0,1623.0,600.0,2300.0,2630.0,350.0,300.0,360.0
i_185_m82,213,400,280,500,320.0,-1.0,400.0,320.0,280.0,0.68,0.83,2060.0,5400.0,0,1540.0,1300.0,0,0,0,0,0,0,0,1400.0,500.0,2400.0,2700.0,350.0,300.0,360.0
i_29,162,360,360,450,320.0,-1.0,None,None,380.0,0.6,0.7,2000.0,4000.0,0,1100.0,1050.0,0,2001.0,4000.1,0,1099.86,1049.99,0,1020.0,450.0,2700.0,2850.0,340.0,140.0,360.0
iar-81c,160,350,300,370,280.0,-1.0,800.0,780.0,750.0,0,0,3900.0,0,0,1000.0,0,0,3900.05,0,0,999.994,0,0,880.0,400.0,2300.05,2800.0,340.907,265.0,360.0
iar_316b,176,482,400,500,320.0,-1.0,1564.0,1351.0,1315.0,-0.01,-0.01,6000.0,0,0,960.0,0,0,6100.0,0,0,200.0,0,0,570.0,5000.0,34000.0,44000.0,0,0,0
iar_93b,288,650,650,650,475.0,-1.0,None,None,936.0,0.82,0.925,6000.0,0,0,960.0,0,0,6100.0,0,0,200.0,0,0,1200.0,5500.0,13800.0,14500.0,0,0,0
il-10,160,370,410,400,450.0,-1.0,None,520.4,320.4,0.6,0.6,1700.0,0,0,1770.0,0,0,1700.1,0,0,1770.0,0,0,1750.0,500.0,2500.0,2700.0,321.544,170.0,360.0
il-10_1946,160,370,410,400,450.0,-1.0,None,520.4,320.4,0.6,0.6,1700.0,0,0,1770.0,0,0,1700.1,0,0,1770.0,0,0,1750.0,500.0,2500.0,2700.0,321.544,170.0,360.0
il-2i,165,320,320,370,320.0,-1.0,None,470.0,270.0,0.7,0.9,1750.0,0,0,1500.0,0,0,1751.0,0,0,1499.82,0,0,1500.0,450.0,2150.0,2291.17,360.0,170.0,310.0
il-2m,182,320,320,320,320.0,-1.0,None,470.0,270.0,0.7,0.74,750.0,0,0,1500.0,0,0,3000.0,0,0,1250.0,0,0,1500.0,450.0,2350.0,2500.0,329.167,160.0,360.0
il-2m_mstitel,182,320,320,320,320.0,-1.0,None,470.0,270.0,0.7,0.74,750.0,0,0,1500.0,0,0,3000.0,0,0,1250.0,0,0,1500.0,450.0,2350.0,2500.0,329.167,160.0,360.0
il-4,199,280,240,300,320.0,-1.0,480.0,380.0,280.0,0.66,0.8,4000.0,6000.0,0,1134.74,1031.58,0,7000.0,9000.0,0,722.105,618.947,0,980.0,450.0,2375.0,2600.0,270.0,290.0,360.0
il_28,266,500,600,600,400.0,-1.0,None,600.0,400.0,0.76,0.86,6000.0,0,0,987.937,0,0,6100.0,0,0,205.82,0,0,1234.92,5000.0,11561.0,16000.0,0,0,0
il_28sh,266,500,600,600,400.0,-1.0,None,600.0,400.0,0.76,0.86,6000.0,0,0,987.937,0,0,6100.0,0,0,205.82,0,0,1234.92,5000.0,11561.0,16000.0,0,0,0
il_2_1941,165,320,320,370,320.0,-1.0,None,470.0,270.0,0.7,0.9,1750.0,0,0,1500.0,0,0,1751.0,0,0,1499.82,0,0,1500.0,450.0,2150.0,2291.17,360.0,170.0,310.0
il_2_37_1943,178,320,300,370,320.0,-1.0,None,470.0,270.0,0.55,0.9,749.999,0,0,1528.66,0,0,3000.0,0,0,1273.88,0,0,1528.66,450.0,2350.0,2500.0,329.167,160.0,360.0
il_2_m82,165,320,320,370,320.0,-1.0,None,470.0,270.0,0.28,0.9,1900.0,0,0,1600.0,0,0,1900.5,0,0,1599.0,0,0,1500.0,400.0,2500.0,3197.99,340.907,265.0,360.0
il_2m_1943,178,320,300,370,320.0,-1.0,None,470.0,270.0,0.7,0.9,749.999,0,0,1528.66,0,0,3000.0,0,0,1273.88,0,0,1528.66,450.0,2350.0,2500.0,329.167,160.0,360.0
il_8,182,320,320,320,320.0,-1.0,None,None,470.0,0.7,0.74,1700.0,0,0,1770.0,0,0,1700.1,0,0,1769.98,0,0,1750.0,500.0,2500.0,2700.0,321.544,170.0,360.0
intruder_mk_1,160,260,320,300,296.0,-1.0,None,None,445.0,0.67,0.857,1524.0,4420.0,0,1200.0,1100.0,0,1524.2,4420.2,0,1199.97,1099.97,0,1200.0,550.0,2700.0,2800.0,320.0,282.0,160.0
itp-m1,None,320,250,500,320.0,-1.0,380.0,320.0,260.0,0.7,0.83,5800.0,0,0,1400.0,0,0,0,0,0,0,0,0,1200.0,450.0,2050.0,2250.0,320.0,170.0,320.0
j1n1_mod11_early,178,360,320,450,350.0,-1.0,None,450.0,290.0,0.6,0.7,2500.0,5000.0,0,1095.0,965.0,0,2501.0,5001.0,0,1094.86,964.871,0,995.0,500.0,2750.0,3000.0,335.218,280.0,360.0
j2m2,157,400,400,400,350.0,-1.0,None,None,515.0,0.645,0.82,1800.0,4800.0,0,1575.0,1410.0,0,1800.01,4800.01,0,1575.0,1410.0,0,1550.0,400.0,2600.0,2800.0,324.294,290.0,360.0
j2m3,171,390,400,420,350.0,-1.0,None,None,515.0,0.645,0.82,1800.0,4800.0,0,1575.0,1410.0,0,1800.01,4800.01,0,1560.0,1409.0,0,1550.0,400.0,2600.0,2800.0,324.294,290.0,360.0
j2m4,190,390,400,420,350.0,-1.0,None,515.0,280.0,0.645,0.82,1800.0,6200.0,0,1575.0,1420.0,0,1800.05,6200.05,0,1574.99,1419.99,0,1570.0,400.0,2600.0,2800.0,324.294,290.0,360.0
j2m4_kai,190,390,400,420,350.0,-1.0,None,None,515.0,0.645,0.82,800.0,5200.0,0,1575.0,1575.0,0,8200.0,8280.0,0,1210.0,1410.0,0,1570.0,400.0,2600.0,2800.0,324.294,290.0,360.0
j2m5,171,390,400,420,350.0,-1.0,None,None,515.0,0.645,0.82,2200.0,6070.0,0,1510.0,1400.0,0,2200.0,6490.0,0,1510.0,1310.0,0,1500.0,400.0,2600.0,2800.0,324.294,290.0,360.0
j2m5_30mm,171,390,400,420,350.0,-1.0,None,515.0,280.0,0.645,0.82,2200.0,6070.0,0,1510.0,1400.0,0,2200.0,6490.0,0,1510.0,1310.0,0,1500.0,400.0,2600.0,2800.0,324.294,290.0,360.0
j5n1,193,320,400,450,320.0,-1.0,None,450.0,280.0,0.566,0.86,2000.0,5300.0,0,1875.0,1675.0,0,2001.0,5301.0,0,1874.77,1674.77,0,1765.0,400.0,3000.0,3500.0,324.294,290.0,360.0
j6b,None,250,200,320,560.0,-1.0,None,520.4,320.4,0.62,0.639,2438.0,0,0,490.0,0,0,0,0,0,0,0,0,460.0,450.0,1950.0,2250.0,170.0,310.0,360.0
j6k1,168,440,390,470,320.0,-1.0,None,None,520.4,0.65,0.768,1000.0,4500.0,9000.0,2000.0,1785.0,1578.0,2500.0,5000.0,9000.05,1750.0,1700.0,1577.99,1980.0,550.0,3100.0,3250.0,324.474,285.0,360.0
j7w1,127,563,560,560,450.0,-1.0,None,520.4,320.4,0.6,0.79,8400.0,0,0,1660.0,0,0,7000.0,0,0,2027.84,0,0,1730.0,400.0,2900.0,3200.0,314.35,175.0,360.0
j8m1,161,790,600,690,550.0,-1.0,None,620.4,420.4,0.76,0.88,0.0,0,0,240.0,0,0,0.0,0,0,1200.0,0,0,1200.0,100.0,1600.0,2600.0,0,0,0
j9_early,176,400,350,250,290.0,-1.0,None,None,520.4,0.66,0.72,2846.96,0,0,900.0,0,0,2847.0,0,0,899.996,0,0,900.0,600.0,2700.0,3185.0,300.0,310.0,360.0
j_10a,490,519,700,2000,620.0,-1.0,None,None,550.0,0.92,0.92,6000.0,0,0,1200.0,0,0,0.0,0,0,2574.53,0,0,1200.0,9400.0,13300.0,14300.0,0,0,0
j_10c,490,519,700,2000,620.0,-1.0,None,None,550.0,0.92,0.92,6000.0,0,0,1200.0,0,0,0.0,0,0,2574.53,0,0,1200.0,9400.0,13700.0,14700.0,0,0,0
j_11,158,680,750,700,700.0,-1.0,None,1018.0,600.0,0.9,0.9,6000.0,0,0,1200.0,0,0,0.0,0,0,2574.53,0,0,1200.0,9400.0,13300.0,14300.0,0,0,0
j_11a,158,680,750,700,700.0,-1.0,None,1018.0,600.0,0.9,0.9,6000.0,0,0,1200.0,0,0,0.0,0,0,2574.53,0,0,1200.0,9400.0,13300.0,14300.0,0,0,0
j_11b,158,680,750,700,700.0,-1.0,None,1018.0,600.0,0.9,0.9,6000.0,0,0,1200.0,0,0,0.0,0,0,2574.53,0,0,1200.0,8400.0,14000.0,15000.0,0,0,0
j_7_mk2,94,650,600,900,500.0,-1.0,None,740.0,450.4,0.8,0.895,6000.0,0,0,1200.0,0,0,0.0,0,0,2574.53,0,0,1200.0,3000.0,11500.0,14000.0,0,0,0
j_7d,94,650,600,950,700.0,-1.0,None,740.0,450.4,0.8,0.895,6000.0,0,0,1200.0,0,0,0.0,0,0,2574.53,0,0,1200.0,3000.0,11500.0,14000.0,0,0,0
j_7e,94,650,600,790,500.0,-1.0,None,740.0,450.4,0.8,0.895,6000.0,0,0,1200.0,0,0,0.0,0,0,2574.53,0,0,1200.0,3000.0,11500.0,14000.0,0,0,0
j_8b,94,650,600,900,500.0,-1.0,None,550.4,450.4,0.8,0.895,6000.0,0,0,1200.0,0,0,0.0,0,0,2574.53,0,0,1200.0,3000.0,11500.0,14000.0,0,0,0
j_8f,94,650,600,900,500.0,-1.0,None,550.4,450.4,0.8,0.895,6000.0,0,0,1200.0,0,0,0.0,0,0,2574.53,0,0,1200.0,3000.0,11500.0,14000.0,0,0,0
jaguar_a,176,585,600,649,481.0,-1.0,1500.0,525.0,410.0,0.92,0.94,6000.0,0,0,1160.4,0,0,0.0,0,0,2489.57,0,0,2067.45,5200.0,13600.0,14100.0,0,0,0
jaguar_e,176,585,600,649,481.0,-1.0,1500.0,525.0,410.0,0.92,0.94,6000.0,0,0,1160.4,0,0,0.0,0,0,2489.57,0,0,2067.45,5200.0,13600.0,14100.0,0,0,0
jaguar_gr1,176,585,600,649,481.0,-1.0,1500.0,525.0,410.0,0.92,0.94,6000.0,0,0,1160.4,0,0,0.0,0,0,2489.57,0,0,2067.45,5200.0,13600.0,14100.0,0,0,0
jaguar_gr1a,176,585,600,649,481.0,-1.0,1500.0,525.0,410.0,0.92,0.94,6000.0,0,0,1160.4,0,0,0.0,0,0,2489.57,0,0,2067.45,5200.0,13600.0,14100.0,0,0,0
jaguar_is,176,585,600,649,481.0,-1.0,1500.0,525.0,410.0,0.92,0.94,6000.0,0,0,1160.4,0,0,0.0,0,0,2489.57,0,0,2067.45,5200.0,13600.0,14100.0,0,0,0
javelin_fmk9,94,620,600,650,407.0,-1.0,None,None,540.0,0.85,0.94,2000.0,0,0,1260.0,0,0,6000.0,0,0,1129.15,0,0,1200.0,2500.0,8000.0,9000.0,0,0,0
jf_17,94,650,600,790,500.0,-1.0,None,None,926.0,0.85,0.9,6000.0,0,0,1200.0,0,0,0.0,0,0,2574.53,0,0,1200.0,5500.0,8350.0,8950.0,0,0,0
jh_7,160,1110,1150,900,450.0,-1.0,None,None,750.0,0.86,0.88,6000.0,0,0,1200.0,0,0,0.0,0,0,2574.53,0,0,1200.0,5000.0,12500.0,15000.0,0,0,0
jh_7a,160,1110,1150,900,450.0,-1.0,None,None,750.0,0.86,0.88,6000.0,0,0,1200.0,0,0,0.0,0,0,2574.53,0,0,1200.0,5000.0,12500.0,15000.0,0,0,0
ju-188a-2,176,370,360,450,310.0,-1.0,None,None,480.0,0.45,0.6,2350.0,5500.0,0,1725.0,1577.0,0,7800.0,8000.0,0,789.0,1150.0,0,1745.0,1354.0,3250.0,3650.0,290.0,170.0,360.0
ju-288c,176,370,360,450,310.0,-1.0,None,None,480.0,0.6,0.6,5700.0,0,0,2520.0,0,0,10000.0,0,0,1540.0,0,0,2560.0,500.0,2800.0,3150.0,715.15,166.5,360.0
ju-388j,176,370,360,400,310.0,-1.0,None,480.0,280.0,0.5,0.639,11704.0,0,0,1380.0,0,0,13000.0,0,0,1250.0,0,0,1630.0,400.0,2650.0,3000.0,280.0,260.0,360.0
ju-52,176,260,270,300,530.0,-1.0,None,386.0,241.0,0.65,0.75,850.0,0,0,660.0,0,0,4800.0,0,0,390.0,0,0,640.0,500.0,2049.0,2600.0,270.0,310.0,360.0
ju-87b-2,146,250,350,350,680.0,-1.0,None,520.4,320.4,0.6,0.6,3700.0,0,0,930.0,0,0,3700.1,0,0,929.0,0,0,930.0,420.0,2400.0,3000.0,325.332,155.0,360.0
ju-87d-3,136,270,350,380,800.0,-1.0,None,500.0,320.0,0.6,0.6,4900.0,0,0,1180.0,0,0,4901.0,0,0,1179.85,0,0,1190.0,600.0,2600.0,2850.0,325.332,155.0,360.0
ju-87d-5,136,270,350,380,800.0,-1.0,None,500.0,320.0,0.6,0.6,4900.0,0,0,1180.0,0,0,4901.0,0,0,1179.85,0,0,1190.0,600.0,2600.0,2850.0,325.332,155.0,360.0
ju-87g_1,136,270,350,380,800.0,-1.0,None,500.0,320.0,0.6,0.6,4900.0,0,0,1180.0,0,0,4901.0,0,0,1179.85,0,0,1190.0,600.0,2600.0,2850.0,325.332,155.0,360.0
ju-87g_2,136,270,350,380,800.0,-1.0,None,500.0,320.0,0.6,0.6,4900.0,0,0,1180.0,0,0,4901.0,0,0,1179.85,0,0,1190.0,600.0,2600.0,2850.0,325.332,155.0,360.0
ju-87r-2,146,250,350,350,680.0,-1.0,None,520.4,320.4,0.6,0.6,3700.0,0,0,930.0,0,0,11000.0,0,0,435.0,0,0,930.0,420.0,2400.0,3000.0,280.0,155.0,360.0
ju-88a-1,176,350,360,370,310.0,-1.0,None,None,480.0,0.69,0.75,5000.0,0,0,917.0,0,0,5001.0,0,0,916.878,0,0,917.0,500.0,2400.0,2700.0,331.221,155.0,360.0
ju-88a-4,176,350,360,370,310.0,-1.0,None,None,480.0,0.69,0.75,5000.0,0,0,1180.0,0,0,5000.5,0,0,1179.92,0,0,1190.0,500.0,2600.0,3000.0,331.221,155.0,360.0
ju-88c-6,176,350,360,370,310.0,-1.0,None,None,480.0,0.69,0.75,5000.0,0,0,1180.0,0,0,5000.5,0,0,1179.92,0,0,1190.0,500.0,2600.0,3000.0,331.221,155.0,360.0
ka_29,176,482,400,500,420.0,-1.0,564.0,351.0,315.0,-0.01,-0.01,6000.0,0,0,960.0,0,0,6100.0,0,0,200.0,0,0,2250.0,7000.0,15000.0,20000.0,0,0,0
ka_50,176,482,400,500,420.0,-1.0,564.0,351.0,315.0,-0.01,-0.01,6000.0,0,0,960.0,0,0,6100.0,0,0,200.0,0,0,2200.0,7000.0,15000.0,20000.0,0,0,0
ka_52,176,482,400,500,420.0,-1.0,564.0,351.0,315.0,-0.01,-0.01,6000.0,0,0,960.0,0,0,6100.0,0,0,200.0,0,0,2350.0,7000.0,15000.0,20000.0,0,0,0
kfir_c10_colombia,227,920,750,2650,500.0,-1.0,1300.0,389.0,389.0,0.91,0.91,6000.0,0,0,1200.0,0,0,0.0,0,0,2574.53,0,0,1200.0,3000.0,7650.0,10000.0,0,0,0
kfir_c2,227,920,750,2650,500.0,-1.0,1300.0,389.0,389.0,0.91,0.91,6000.0,0,0,1200.0,0,0,0.0,0,0,2574.53,0,0,1200.0,3000.0,7650.0,10000.0,0,0,0
kfir_c7,227,920,750,2650,500.0,-1.0,1300.0,389.0,389.0,0.91,0.91,6000.0,0,0,1200.0,0,0,0.0,0,0,2574.53,0,0,1200.0,3000.0,7650.0,10000.0,0,0,0
kfir_canard,233,920,750,2650,500.0,-1.0,1300.0,389.0,389.0,0.91,0.91,6000.0,0,0,1200.0,0,0,0.0,0,0,2574.53,0,0,1200.0,3000.0,7650.0,10000.0,0,0,0
ki-27_otsu,109,350,350,350,550.0,-1.0,None,350.0,220.0,0.6,0.665,3300.0,0,0,705.0,0,0,7000.0,0,0,410.0,0,0,610.0,150.0,2600.0,3000.0,296.298,265.0,360.0
ki-45_ko,180,360,320,450,350.0,-1.0,None,None,450.0,0.6,0.7,1800.0,5700.0,0,1040.0,935.0,0,1801.0,5701.0,0,1039.87,934.873,0,975.0,100.0,2700.0,2850.0,330.0,280.0,360.0
ki-45_tei,180,360,320,450,350.0,-1.0,None,None,450.0,0.6,0.7,1800.0,5700.0,0,1040.0,935.0,0,1801.0,5701.0,0,1039.87,934.873,0,975.0,100.0,2700.0,2850.0,330.0,280.0,360.0
ki-49_1,168,260,360,350,260.0,-1.0,450.0,300.0,240.0,0,0,4200.0,0,0,1265.0,0,0,4201.0,0,0,1264.83,0,0,1125.0,100.0,2500.0,2650.0,324.474,285.0,360.0
ki-49_2a,179,260,360,350,300.0,-1.0,None,450.0,250.0,0,0,2150.0,5240.0,0,1420.0,1300.0,0,2151.0,5241.0,0,1419.82,1299.83,0,1320.0,600.0,2650.0,2700.0,333.61,265.0,360.0
ki-49_2b,179,260,360,350,300.0,-1.0,None,450.0,250.0,0,0,2150.0,5240.0,0,1420.0,1300.0,0,2151.0,5241.0,0,1419.82,1299.83,0,1320.0,600.0,2650.0,2700.0,333.61,265.0,360.0
ki-83,167,460,500,520,310.0,-1.0,None,560.0,420.0,0.6,0.7,4000.0,9500.0,0,1930.0,1720.0,0,4001.0,9501.0,0,1930.0,1519.78,0,2000.0,400.0,2900.0,3200.0,330.0,280.0,360.0
ki-96,190,360,400,400,310.0,-1.0,None,460.0,260.0,0.573,0.6,1800.0,5300.0,0,1280.0,1185.0,0,2500.0,8000.0,0,1190.0,870.0,0,1240.0,400.0,2600.0,2850.0,296.298,265.0,360.0
ki_100_2,170,360,350,330,250.0,-1.0,None,None,300.0,0.8,0.82,9000.0,0,0,1240.0,0,0,11000.0,0,0,800.0,0,0,1290.0,500.0,2600.0,3000.0,330.0,280.0,360.0
ki_100_early,170,360,350,410,250.0,-1.0,None,None,300.0,0.68,0.82,2000.0,5200.0,0,1350.0,1250.0,0,2000.05,8000.0,0,1349.99,919.999,0,1270.0,500.0,2600.0,3000.0,330.0,280.0,360.0
ki_102_otsu,200,360,400,400,310.0,-1.0,None,460.0,260.0,0.573,0.6,1800.0,5300.0,0,1280.0,1185.0,0,2500.0,8000.0,0,1190.0,870.0,0,1240.0,400.0,2600.0,2850.0,296.298,265.0,360.0
ki_108,200,360,400,400,310.0,-1.0,None,460.0,260.0,0.6,0.7,10200.0,0,0,1250.0,0,0,11000.0,0,0,1150.0,0,0,1250.0,450.0,2600.0,2900.0,312.153,260.0,360.0
ki_109,162,360,360,360,300.0,-1.0,None,450.0,250.0,0.6,0.64,2200.0,5800.0,0,1810.0,1610.0,0,2200.1,5800.05,0,1810.0,1610.0,0,1660.0,600.0,2450.0,3100.0,313.156,310.0,360.0
ki_10_1,None,260,230,280,560.0,-1.0,None,520.4,320.4,0.639,0.68,3500.0,0,0,800.0,0,0,0,0,0,0,0,0,720.0,400.0,2250.0,2600.0,190.0,170.0,310.0
ki_10_2,None,260,230,280,560.0,-1.0,None,520.4,320.4,0.639,0.68,3500.0,0,0,800.0,0,0,0,0,0,0,0,0,720.0,400.0,2250.0,2600.0,190.0,170.0,310.0
ki_21_1hei,128,260,260,260,380.0,-1.0,None,450.0,250.0,0.645,0.765,3700.0,0,0,890.0,0,0,3701.0,0,0,889.885,0,0,783.0,300.0,2400.0,2600.0,320.166,285.0,360.0
ki_21_1ko,128,260,260,260,380.0,-1.0,None,450.0,250.0,0.645,0.765,3700.0,0,0,890.0,0,0,3701.0,0,0,889.885,0,0,783.0,300.0,2400.0,2600.0,320.166,285.0,360.0
ki_32,118,290,260,270,600.0,-1.0,None,600.0,280.0,0.38,0.6,3800.0,0,0,950.0,0,0,3800.01,0,0,949.999,0,0,775.0,400.0,2000.0,2600.0,312.153,160.0,360.0
ki_43_1,119,370,350,400,300.0,-1.0,450.0,350.0,250.0,0.6,0.78,3000.0,0,0,970.0,0,0,9000.0,0,0,400.0,0,0,882.0,600.0,2700.0,3200.0,318.004,265.0,360.0
ki_43_2,134,370,350,400,300.0,-1.0,400.0,350.0,250.0,0.6,0.78,2404.0,5600.0,0,1085.0,965.0,0,2405.0,10000.0,0,1084.86,500.0,0,995.0,400.0,2800.0,3200.0,296.298,265.0,360.0
ki_43_3_ko,168,370,350,450,330.0,-1.0,None,None,500.0,0.6,0.78,1834.0,5614.0,0,1085.0,950.0,0,1835.0,5615.0,0,1084.87,949.871,0,995.0,400.0,2800.0,2850.0,325.901,280.0,360.0
ki_43_3_otsu,168,370,350,450,330.0,-1.0,400.0,350.0,250.0,0.6,0.78,1834.0,5414.0,0,1085.0,950.0,0,1835.0,5415.0,0,1084.87,949.871,0,995.0,400.0,2800.0,2850.0,325.901,280.0,360.0
ki_44_1,154,400,400,450,250.0,-1.0,450.0,400.0,250.0,0.645,0.78,2700.0,0,0,1250.0,0,0,2701.0,0,0,1249.84,0,0,1105.0,400.0,2500.0,2600.0,316.472,265.0,360.0
ki_44_2_hei,147,400,400,450,250.0,-1.0,450.0,400.0,250.0,0.645,0.78,1386.0,4443.0,0,1420.0,1300.0,0,2700.0,6600.0,0,1215.0,950.0,0,1365.0,400.0,2650.0,3000.0,335.218,280.0,360.0
ki_44_2_otsu,147,400,400,450,250.0,-1.0,450.0,400.0,250.0,0.645,0.78,1386.0,4443.0,0,1420.0,1300.0,0,2700.0,6600.0,0,1215.0,950.0,0,1365.0,400.0,2650.0,3000.0,335.218,280.0,360.0
ki_48_2_otsu,162,360,360,360,300.0,-1.0,None,None,450.0,0.6,0.64,2404.0,5600.0,0,1085.0,965.0,0,2405.0,10000.0,0,1084.86,500.0,0,995.0,400.0,2800.0,3200.0,296.298,265.0,360.0
ki_61_1a_hei,168,360,350,410,250.0,-1.0,None,300.0,230.0,0.68,0.82,4200.0,0,0,1085.0,0,0,4201.0,0,0,1084.0,0,0,1030.0,400.0,2500.0,2700.0,312.153,160.0,360.0
ki_61_1a_ko,168,360,350,410,250.0,-1.0,None,300.0,230.0,0.68,0.82,4200.0,0,0,1085.0,0,0,4201.0,0,0,1084.0,0,0,1030.0,400.0,2500.0,2700.0,312.153,160.0,360.0
ki_61_1a_otsu,168,360,350,410,250.0,-1.0,None,300.0,230.0,0.68,0.82,4200.0,0,0,1085.0,0,0,4201.0,0,0,1084.0,0,0,1030.0,400.0,2500.0,2700.0,312.153,160.0,360.0
ki_61_1a_tei,168,360,350,410,250.0,-1.0,None,300.0,230.0,0.68,0.82,4200.0,0,0,1085.0,0,0,4201.0,0,0,1084.0,0,0,1030.0,400.0,2500.0,2700.0,312.153,160.0,360.0
ki_61_2_early,168,360,350,410,330.0,-1.0,None,300.0,230.0,0.68,0.82,5700.0,0,0,1250.0,0,0,10000.0,0,0,692.0,0,0,1350.0,400.0,2750.0,3000.0,322.658,155.0,360.0
ki_67_1_ko,162,360,360,360,300.0,-1.0,None,450.0,250.0,0.6,0.64,2200.0,5800.0,0,1810.0,1610.0,0,0,0,0,0,0,0,1660.0,600.0,2450.0,3100.0,313.156,310.0,360.0
ki_67_1_otsu,162,360,360,360,300.0,-1.0,None,450.0,250.0,0.6,0.64,2200.0,5800.0,0,1810.0,1610.0,0,0,0,0,0,0,0,1660.0,600.0,2450.0,3100.0,313.156,310.0,360.0
ki_84_hei,None,400,480,430,270.0,-1.0,500.0,380.0,280.0,0.645,0.78,2000.0,5300.0,0,1875.0,1675.0,0,2001.0,5301.0,0,1874.77,1674.77,0,1765.0,400.0,3000.0,3500.0,324.294,290.0,360.0
ki_84_ko,None,400,480,430,270.0,-1.0,500.0,380.0,280.0,0.645,0.78,2000.0,5300.0,0,1875.0,1675.0,0,2001.0,5301.0,0,1874.77,1674.77,0,1765.0,400.0,3000.0,3500.0,324.294,290.0,360.0
ki_84_otsu,None,400,480,430,270.0,-1.0,500.0,380.0,280.0,0.645,0.78,2000.0,5300.0,0,1875.0,1675.0,0,2001.0,5301.0,0,1874.77,1674.77,0,1765.0,400.0,3000.0,3500.0,324.294,290.0,360.0
ki_87,None,450,450,460,320.0,None,480.0,400.0,280.0,0.6,0.79,10500.0,0,0,1850.0,0,0,14000.0,0,0,1200.0,0,0,2170.0,400.0,2800.0,3500.0,324.294,290.0,360.0
ki_94_2,168,510,450,460,280.0,-1.0,680.0,480.0,280.0,0.71,0.72,12000.0,14000.0,0,2100.0,1770.0,0,14000.0,15000.0,0,1700.0,1300.0,0,2080.0,400.0,2800.0,3500.0,324.294,290.0,360.0
kitsuka,None,590,590,650,380.0,-1.0,None,580.0,380.0,0.71,0.8,11000.0,0,0,960.0,0,0,0.0,0,0,5342.62,0,0,1200.0,1600.0,12500.0,14000.0,0,0,0
kor_1,160,180,200,220,400.0,-1.0,None,520.4,320.4,0.66,0.768,2900.0,0,0,750.0,0,0,7500.0,0,0,400.0,0,0,700.0,600.0,2200.0,2500.0,309.375,285.0,360.0
kor_2,175,220,220,230,450.0,-1.0,None,None,520.4,0.6,0.665,1500.0,0,0,840.0,0,0,7000.0,0,0,460.0,0,0,820.0,650.0,2200.0,2350.0,340.907,265.0,360.0
l_39za,157,500,500,410,330.0,-1.0,500.0,340.0,305.0,0.745,0.81,6000.0,0,0,960.0,0,0,6100.0,0,0,200.0,0,0,1200.0,9900.0,17620.0,18000.0,0,0,0
la-11,183,480,340,570,320.0,-1.0,480.0,400.0,290.0,0.6,0.665,1550.0,4550.0,0,1650.0,1430.0,0,1550.01,4550.0,0,1650.0,1430.0,0,1530.0,400.0,2500.0,3197.99,340.907,265.0,360.0
la-15,176,640,535,630,450.0,-1.0,None,520.4,320.4,0.835,0.92,2000.0,0,0,1260.0,0,0,6000.0,0,0,1129.15,0,0,1200.0,8000.0,14700.0,15500.0,0,0,0
la-5_type37_early,168,380,380,380,340.0,-1.0,None,None,450.0,0.665,0.8,2050.0,5400.0,0,1540.0,1330.0,0,2051.0,5401.0,0,1539.81,1329.82,0,1400.0,400.0,2400.0,2600.0,340.907,265.0,360.0
la-5f_type_39,157,380,380,350,310.0,-1.0,None,None,470.0,0.665,0.8,2050.0,5400.0,0,1540.0,1330.0,0,2051.0,5401.0,0,1539.81,1329.82,0,1400.0,400.0,2400.0,2600.0,340.907,265.0,360.0
la-5fn,168,380,380,320,310.0,-1.0,None,None,470.0,0.665,0.8,1550.0,4550.0,0,1630.0,1430.0,0,2850.0,8000.0,0,1400.0,894.999,0,1570.0,400.0,2500.0,3197.99,340.907,265.0,360.0
la-7,168,400,400,400,320.0,-1.0,None,530.0,300.0,0.665,0.8,1550.0,4550.0,0,1630.0,1430.0,0,2850.0,8000.0,0,1400.0,895.0,0,1570.0,400.0,2500.0,3197.99,340.907,265.0,360.0
la-7b-20,168,400,400,400,320.0,-1.0,None,530.0,300.0,0.665,0.8,1550.0,4550.0,0,1630.0,1430.0,0,2850.0,8000.0,0,1400.0,895.0,0,1570.0,400.0,2500.0,3197.99,340.907,265.0,360.0
la-9,168,480,340,570,320.0,-1.0,520.0,400.0,290.0,0.4,0.665,1550.0,4550.0,0,1670.0,1410.0,0,1550.0,10000.0,0,1670.0,580.0,0,1580.0,400.0,2500.0,3197.99,340.907,265.0,360.0
la_174,176,640,535,610,450.0,-1.0,None,520.4,320.4,0.835,0.92,2000.0,0,0,1260.0,0,0,6000.0,0,0,1129.15,0,0,1200.0,8000.0,14700.0,15500.0,0,0,0
la_200_toriy,None,600,700,750,450.0,-1.0,None,650.0,450.0,0.88,0.88,8000.0,0,0,1356.0,0,0,0.0,0,0,3409.23,0,0,1200.0,5000.0,11561.0,16000.0,0,0,0
lagg-3-1,170,340,340,400,None,None,None,None,None,0,0,1400.0,3200.0,0,1144.5,1068.2,0,0.0,0.0,0,1290.04,1615.34,0,1090.0,500.0,2700.0,2900.0,314.954,160.0,360.0
lagg-3-11,113,380,380,380,350.0,-1.0,None,None,460.0,0.665,0.8,2000.0,4000.0,0,1100.0,1050.0,0,2001.0,4000.1,0,1099.86,1049.99,0,1020.0,500.0,2700.0,3000.0,322.977,140.0,360.0
lagg-3-23,113,380,380,380,350.0,-1.0,None,None,460.0,0.665,0.8,2000.0,4000.0,0,1100.0,1050.0,0,2001.0,4000.1,0,1099.86,1049.99,0,1020.0,500.0,2700.0,3000.0,322.977,140.0,360.0
lagg-3-29,170,340,340,400,None,None,None,None,None,0,0,1400.0,3200.0,0,1144.5,1068.2,0,0.0,0.0,0,1290.04,1615.34,0,1090.0,500.0,2700.0,2900.0,324.5,160.0,360.0
lagg-3-34,172,380,380,380,450.0,-1.0,None,None,460.0,0.665,0.8,700.0,2700.0,0,1260.0,1180.0,0,700.05,2700.05,0,1259.99,1179.99,0,1210.0,500.0,2700.0,3000.0,322.977,140.0,360.0
lagg-3-35,172,380,380,340,450.0,-1.0,None,None,460.0,0.665,0.8,700.0,2700.0,0,1260.0,1180.0,0,700.05,2700.05,0,1259.99,1179.99,0,1210.0,500.0,2700.0,3000.0,322.977,140.0,360.0
lagg-3-4,172,380,380,400,350.0,-1.0,None,None,460.0,0.665,0.8,2300.0,4300.0,0,1080.64,1030.0,0,2301.0,4301.0,0,1080.51,1029.87,0,1020.0,500.0,2700.0,3000.0,322.977,140.0,360.0
lagg-3-66,162,380,380,340,450.0,-1.0,None,None,460.0,0.665,0.8,700.0,2700.0,0,1260.0,1180.0,0,700.05,2700.05,0,1259.99,1179.99,0,1210.0,500.0,2700.0,3000.0,322.977,140.0,360.0
lagg-3-8,113,380,380,380,350.0,-1.0,None,None,460.0,0.665,0.8,2000.0,4000.0,0,1100.0,1050.0,0,2001.0,4000.1,0,1099.86,1049.99,0,1020.0,500.0,2700.0,3000.0,322.977,140.0,360.0
lagg-i-301,170,380,380,380,350.0,-1.0,None,None,460.0,0.665,0.8,2000.0,4000.0,0,1100.0,1050.0,0,2001.0,4000.1,0,1099.86,1049.99,0,1020.0,500.0,2700.0,3000.0,322.977,140.0,360.0
lagg_3_8,170,380,380,450,450.0,None,None,520.4,320.4,0,0,2000.0,4300.0,0,1100.0,1050.0,0,2000.0,4300.0,0,1100.0,1050.0,0,1020.0,500.0,2700.0,3000.0,327.081,150.0,360.0
lagg_gu-37,170,340,340,400,None,None,None,None,None,0,0,1400.0,3200.0,0,1144.5,1068.2,0,0.0,0.0,0,1290.04,1615.34,0,1090.0,500.0,2700.0,2900.0,225.681,150.0,360.0
lancaster_mk1,212,400,350,350,338.0,-1.0,440.0,338.0,282.0,0.67,0.72,1500.0,3600.0,0,1400.0,1305.0,0,1500.2,8000.0,0,1399.97,840.0,0,1350.0,450.0,3001.0,3150.0,350.0,160.0,160.0
lancaster_mk3,217,400,350,350,338.0,-1.0,440.0,338.0,282.0,0.67,0.72,1255.0,3100.0,0,1460.0,1360.0,0,1255.2,8000.0,0,1459.96,890.0,0,1410.0,450.0,3001.0,3150.0,350.0,160.0,160.0
lancaster_mr7_france,217,400,350,350,338.0,-1.0,440.0,338.0,282.0,0.67,0.72,1255.0,3100.0,0,1460.0,1360.0,0,1255.2,8000.0,0,1459.96,890.0,0,1410.0,450.0,3001.0,3150.0,350.0,160.0,160.0
late_298d,140,220,260,250,550.0,-1.0,None,520.4,320.4,0.665,0.765,2500.0,0,0,880.0,0,0,6900.0,0,0,460.0,0,0,820.0,450.0,2401.0,2590.0,330.0,150.0,160.0
leo_451_early,109,315,310,350,340.0,700.0,None,400.0,270.0,0.5,0.8,3900.0,0,0,1070.0,0,0,3900.1,0,0,1069.99,0,0,920.0,450.0,2650.0,2850.0,340.0,310.0,360.0
leo_451_late,109,315,310,350,340.0,700.0,None,400.0,270.0,0.45,0.8,3900.0,0,0,1070.0,0,0,3900.1,0,0,1069.99,0,0,920.0,450.0,2650.0,2850.0,340.0,310.0,360.0
li-2,176,280,280,250,310.0,-1.0,None,480.0,280.0,0.639,0.665,1650.0,0,0,840.0,0,0,1650.05,0,0,839.995,0,0,820.0,450.0,2200.0,2350.0,335.169,310.0,360.0
li-2_1938,176,280,280,250,310.0,-1.0,None,480.0,280.0,0.639,0.665,1650.0,0,0,840.0,0,0,1650.05,0,0,839.995,0,0,820.0,450.0,2200.0,2350.0,335.169,310.0,360.0
lightning_f6,None,850,700,700,463.0,-1.0,None,720.0,463.0,0.88,0.9,6000.0,0,0,1200.0,0,0,0.0,0,0,2574.53,0,0,1200.0,2750.0,8000.0,10000.0,0,0,0
lincoln_b2,161,440,440,310,341.0,-1.0,None,420.0,296.0,0.67,0.72,1753.0,4877.0,0,1750.0,1580.0,0,9144.0,10668.0,0,800.0,740.0,0,1635.0,450.0,3000.0,3180.0,350.0,185.0,160.0
loire_130,170,190,190,250,550.0,-1.0,None,None,520.4,0.665,0.765,4000.0,0,0,575.0,0,0,4001.0,0,0,574.9,0,0,560.0,450.0,2600.0,2850.0,314.718,155.0,150.0
lynx_ah_mk1,176,482,400,500,420.0,-1.0,564.0,351.0,315.0,-0.01,-0.01,6000.0,0,0,960.0,0,0,6100.0,0,0,200.0,0,0,840.0,16000.0,27200.0,36000.0,0,0,0
martin_139wc,None,200,270,290,235.0,None,None,340.0,235.0,0.665,0.8,2200.0,0,0,740.0,0,0,0,0,0,0,0,0,700.0,400.0,2100.0,2450.0,306.577,310.0,360.0
marut_mk1,419,850,600,700,450.0,-1.0,None,None,648.0,0.865,0.91,6000.0,0,0,1200.0,0,0,0.0,0,0,2574.53,0,0,1200.0,3500.0,10120.0,14000.0,0,0,0
maryland_mk1,179,315,310,300,278.0,-1.0,None,None,340.0,0.67,0.73,2133.0,0,0,1050.0,0,0,7010.0,0,0,600.0,0,0,1049.0,550.0,2700.0,3060.0,290.0,320.0,160.0
mb_151c1,126,350,350,400,310.0,-1.0,None,None,470.0,0.665,0.8,3700.0,0,0,920.0,0,0,3700.05,0,0,919.994,0,0,815.0,400.0,2400.0,2580.0,340.0,310.0,360.0
mb_152c1,126,350,350,400,310.0,-1.0,None,470.0,270.0,0.665,0.8,4600.0,0,0,1000.0,0,0,4600.1,0,0,999.987,0,0,870.0,400.0,2400.0,2520.0,340.0,310.0,360.0
mb_157,126,350,350,400,340.0,-1.0,None,470.0,270.0,0.665,0.8,2500.0,6700.0,0,1335.0,1225.0,0,2500.1,6700.1,0,1334.98,1224.98,0,1220.0,450.0,2600.01,2800.0,350.0,265.0,360.0
mb_162,None,325,310,420,280.0,-1.0,340.0,300.0,260.0,0.66,0.72,4200.0,0,0,1055.0,0,0,7000.0,0,0,690.0,0,0,907.0,450.0,2400.0,2650.0,180.0,310.0,360.0
mb_174_a3,None,325,200,480,280.0,-1.0,340.0,300.0,260.0,0.66,0.72,4200.0,0,0,1055.0,0,0,7000.0,0,0,690.0,0,0,907.0,450.0,2400.0,2650.0,180.0,310.0,360.0
mb_175t,126,325,200,480,280.0,-1.0,340.0,300.0,260.0,0.66,0.72,2900.0,0,0,970.0,0,0,0.0,0,0,1383.69,0,0,907.0,450.0,2400.0,2650.0,180.0,310.0,360.0
mb_3,168,420,420,400,650.0,-1.0,None,3260.0,420.0,0,0,3400.0,0,0,910.0,0,0,3400.1,0,0,909.988,0,0,810.0,400.0,2520.0,3100.0,340.0,140.0,360.0
mb_326b,157,600,500,420,331.0,-1.0,570.0,331.0,273.0,0.745,0.81,6000.0,0,0,960.0,0,0,6100.0,0,0,200.0,0,0,1542.0,5500.0,13800.0,14500.0,0,0,0
mb_326k,157,600,500,520,331.0,-1.0,570.0,331.0,273.0,0.745,0.81,6000.0,0,0,960.0,0,0,6100.0,0,0,200.0,0,0,1542.0,5500.0,13760.0,14500.0,0,0,0
mb_5,176,482,400,400,330.0,-1.0,450.0,370.0,273.0,0.69,0.82,1900.0,6000.0,0,2050.0,1810.0,0,10000.0,12000.0,0,850.0,999.999,0,1900.0,450.0,2750.0,3100.0,430.0,185.0,360.0
mbr-2,175,220,220,230,450.0,-1.0,None,520.4,320.4,0.6,0.6,4800.0,0,0,830.0,0,0,0.0,0,0,1514.81,0,0,750.0,400.0,1850.0,2900.0,321.247,140.0,360.0
mc-202,175,400,270,550,300.0,-1.0,600.0,340.0,260.0,0.66,0.9,4500.0,0,0,1084.0,0,0,7000.0,0,0,750.0,0,0,1030.0,400.0,2500.0,2600.0,350.0,170.0,360.0
mc-202_d,175,400,270,550,300.0,-1.0,600.0,340.0,260.0,0.66,0.75,4500.0,0,0,1084.0,0,0,7000.0,0,0,750.0,0,0,1030.0,400.0,2500.0,2600.0,350.0,170.0,360.0
mc-202_ec,175,400,270,550,300.0,-1.0,600.0,340.0,260.0,0.66,0.9,4500.0,0,0,1084.0,0,0,7000.0,0,0,750.0,0,0,1030.0,400.0,2500.0,2600.0,350.0,170.0,360.0
mc-205_n2,182,400,270,550,300.0,-1.0,600.0,340.0,260.0,0.66,0.9,5800.0,0,0,1232.0,0,0,10000.0,0,0,770.0,0,0,1291.0,500.0,2800.0,3150.0,380.0,160.0,360.0
mc-205_serie1,178,400,270,550,300.0,-1.0,600.0,340.0,260.0,0.66,0.9,5800.0,0,0,1232.0,0,0,10000.0,0,0,770.0,0,0,1291.0,500.0,2800.0,3150.0,380.0,160.0,360.0
mc-205_serie3,178,400,270,550,300.0,-1.0,600.0,340.0,260.0,0.66,0.9,5800.0,0,0,1232.0,0,0,10000.0,0,0,770.0,0,0,1291.0,500.0,2800.0,3150.0,380.0,160.0,360.0
mc200_serie3,148,400,270,550,300.0,-1.0,600.0,340.0,260.0,0.66,0.72,3800.0,0,0,815.0,0,0,7000.0,0,0,480.0,0,0,729.0,600.0,2520.0,3000.0,300.0,310.0,360.0
mc200_serie7,152,400,270,550,300.0,-1.0,600.0,340.0,260.0,0.66,0.72,3800.0,0,0,815.0,0,0,7000.0,0,0,480.0,0,0,729.0,600.0,2520.0,3000.0,300.0,310.0,360.0
md_450b_barougan,146,600,700,680,450.0,-1.0,None,650.0,450.0,0.76,0.88,8000.0,0,0,1356.0,0,0,0.0,0,0,3409.23,0,0,1200.0,5000.0,12500.0,16000.0,0,0,0
md_450b_ouragan,146,600,700,680,450.0,-1.0,None,650.0,450.0,0.76,0.88,8000.0,0,0,1356.0,0,0,0.0,0,0,3409.23,0,0,1200.0,5000.0,12500.0,16000.0,0,0,0
md_452_mystere_2a,146,620,700,740,450.0,-1.0,None,650.0,450.0,0.83,0.88,8000.0,0,0,1356.0,0,0,0.0,0,0,3409.23,0,0,1200.0,5000.0,11000.0,14000.0,0,0,0
md_452_mystere_2c_preproduction,146,620,700,740,450.0,-1.0,None,650.0,450.0,0.83,0.88,6000.0,0,0,1200.0,0,0,0.0,0,0,2574.53,0,0,1200.0,2750.0,8450.0,10000.0,0,0,0
md_454_mystere_4a,None,600,610,580,447.0,-1.0,None,620.0,408.0,0,0,6000.0,0,0,1200.0,0,0,0.0,0,0,2574.53,0,0,1200.0,3750.0,11000.0,13000.0,0,0,0
md_460,261,600,610,590,447.0,-1.0,None,620.0,435.0,0.925,0.93,6000.0,0,0,1200.0,0,0,0.0,0,0,2574.53,0,0,1200.0,2750.0,8500.0,8700.0,0,0,0
md_460_saar,261,600,610,590,447.0,-1.0,None,620.0,435.0,0.925,0.93,6000.0,0,0,1200.0,0,0,0.0,0,0,2574.53,0,0,1200.0,4600.0,12060.0,12410.0,0,0,0
md_460_sambad,261,600,610,590,447.0,-1.0,None,620.0,435.0,0.925,0.93,6000.0,0,0,1200.0,0,0,0.0,0,0,2574.53,0,0,1200.0,2750.0,8500.0,8700.0,0,0,0
md_500_tow_late,176,482,400,500,320.0,-1.0,1564.0,1351.0,1315.0,-0.01,-0.01,6000.0,0,0,960.0,0,0,6100.0,0,0,200.0,0,0,420.0,2000.0,6000.0,8200.0,0,0,0
me-163b-0,176,790,600,690,550.0,-1.0,None,None,620.4,0.76,0.88,0.0,0,0,240.0,0,0,0.0,0,0,1200.0,0,0,1200.0,100.0,1600.0,2600.0,0,0,0
me-163b-1,160,790,600,690,550.0,None,None,620.4,420.4,0.76,0.88,0.0,0,0,240.0,0,0,0.0,0,0,1200.0,0,0,1200.0,100.0,1600.0,2600.0,0,0,0
me-163b,176,790,600,690,550.0,-1.0,None,None,620.4,0.76,0.88,0.0,0,0,240.0,0,0,0.0,0,0,1200.0,0,0,1200.0,100.0,1600.0,2600.0,0,0,0
me-262a-1a,220,500,600,680,450.0,None,None,580.4,380.4,0.755,0.85,6000.0,0,0,960.0,0,0,0.0,0,0,2574.53,0,0,1200.0,2700.0,8700.0,9000.0,0,0,0
me-262a-1a_early,220,500,600,680,450.0,None,None,580.4,380.4,0.755,0.85,6000.0,0,0,960.0,0,0,0.0,0,0,2574.53,0,0,1200.0,2700.0,8700.0,9000.0,0,0,0
me-262a-1a_u4,220,500,600,680,450.0,None,None,580.4,380.4,0.755,0.85,6000.0,0,0,960.0,0,0,0.0,0,0,2574.53,0,0,1200.0,2700.0,8700.0,9000.0,0,0,0
me-262a-1b,220,500,600,680,450.0,None,None,580.4,380.4,0.755,0.85,6000.0,0,0,960.0,0,0,0.0,0,0,2574.53,0,0,1200.0,3000.0,8700.0,9000.0,0,0,0
me-262a-2a,220,500,600,680,450.0,None,None,580.4,380.4,0.755,0.85,6000.0,0,0,960.0,0,0,0.0,0,0,2574.53,0,0,1200.0,2700.0,8700.0,9000.0,0,0,0
me-262a_1_u1,220,500,600,680,450.0,None,None,580.4,380.4,0.755,0.85,6000.0,0,0,960.0,0,0,0.0,0,0,2574.53,0,0,1200.0,2700.0,8700.0,9000.0,0,0,0
me-262c-1a,220,500,600,680,450.0,None,None,520.4,320.4,0.755,0.85,6000.0,0,0,960.0,0,0,0.0,0,0,2574.53,0,0,1200.0,2700.0,8700.0,9000.0,0,0,0
me-262c-2b,220,500,600,680,450.0,None,None,520.4,320.4,0.755,0.85,6000.0,0,0,960.0,0,0,6100.0,0,0,200.0,0,0,1200.0,3000.0,9800.0,11000.0,0,0,0
me-410a-1,189,390,410,460,350.0,-1.0,None,None,480.0,0.6,0.6,5300.0,0,0,1510.0,0,0,9900.0,0,0,900.0,0,0,1580.0,500.0,2700.0,3200.0,311.162,155.0,360.0
me-410a-1_u4,189,390,410,460,350.0,-1.0,None,None,480.0,0.6,0.6,5300.0,0,0,1510.0,0,0,9900.0,0,0,900.0,0,0,1580.0,500.0,2700.0,3200.0,311.162,155.0,360.0
me-410b-1,189,390,410,460,350.0,-1.0,None,None,480.0,0.6,0.6,5500.0,0,0,1510.0,0,0,9900.0,0,0,900.0,0,0,1580.0,500.0,2700.0,3200.0,311.162,155.0,360.0
me-410b-2_u4,189,390,410,460,350.0,-1.0,None,None,480.0,0.6,0.6,5500.0,0,0,1510.0,0,0,9900.0,0,0,900.0,0,0,1580.0,500.0,2700.0,3200.0,311.162,155.0,360.0
me-410b-6_r3,189,390,410,460,350.0,-1.0,None,None,480.0,0.6,0.6,5500.0,0,0,1510.0,0,0,9900.0,0,0,900.0,0,0,1580.0,500.0,2700.0,3200.0,311.162,155.0,360.0
me_264,157,340,350,330,309.0,-1.0,None,380.0,290.0,0.7,0.8,2600.0,6800.0,9700.0,1750.0,1540.0,1230.0,12000.0,12001.0,13002.0,800.0,600.0,790.0,1730.0,1354.0,3250.0,3650.0,290.0,170.0,360.0
meteor_fmk3,166,450,600,520,390.0,-1.0,None,520.4,290.0,0.756,0.85,3000.0,0,0,1224.0,0,0,9000.0,0,0,1133.64,0,0,1200.0,5000.0,16500.0,17000.0,0,0,0
meteor_fmk3_navy,182,450,600,520,390.0,-1.0,None,520.4,290.0,0.756,0.85,2000.0,0,0,1260.0,0,0,6000.0,0,0,1129.15,0,0,1200.0,8000.0,14700.0,15500.0,0,0,0
meteor_fmk4_lw,182,500,600,590,390.0,-1.0,None,520.4,290.0,0.78,0.85,2000.0,0,0,1260.0,0,0,6000.0,0,0,1129.15,0,0,1200.0,8000.0,14700.0,15500.0,0,0,0
meteor_fmk4_sw,187,560,600,580,390.0,-1.0,None,520.4,290.0,0.78,0.85,2000.0,0,0,1260.0,0,0,6000.0,0,0,1129.15,0,0,1200.0,8000.0,14700.0,15500.0,0,0,0
meteor_fmk8,202,600,600,620,390.0,-1.0,None,520.4,290.0,0.78,0.85,2000.0,0,0,1260.0,0,0,6000.0,0,0,1129.15,0,0,1200.0,8000.0,14700.0,15500.0,0,0,0
meteor_fmk8_belgium,202,600,600,620,390.0,-1.0,None,520.4,290.0,0.78,0.85,2000.0,0,0,1260.0,0,0,6000.0,0,0,1129.15,0,0,1200.0,8000.0,14700.0,15500.0,0,0,0
meteor_fmk8_reaper,202,600,600,620,390.0,-1.0,None,520.4,290.0,0.78,0.85,2000.0,0,0,1260.0,0,0,6000.0,0,0,1129.15,0,0,1200.0,8000.0,14700.0,15500.0,0,0,0
meteor_frmk9_iaf,202,600,600,620,390.0,-1.0,None,520.4,290.0,0.78,0.85,2000.0,0,0,1260.0,0,0,6000.0,0,0,1129.15,0,0,1200.0,8000.0,14700.0,15500.0,0,0,0
meteor_nfmk13,176,500,600,590,390.0,-1.0,None,520.4,290.0,0.78,0.85,2000.0,0,0,1260.0,0,0,6000.0,0,0,1129.15,0,0,1200.0,8000.0,14700.0,15500.0,0,0,0
mh_60l_dap,176,482,400,500,420.0,-1.0,564.0,351.0,315.0,-0.01,-0.01,6000.0,0,0,960.0,0,0,6100.0,0,0,200.0,0,0,1890.0,12500.0,20900.0,30000.0,0,0,0
mi-35,176,482,400,500,420.0,-1.0,564.0,351.0,315.0,-0.01,-0.01,6000.0,0,0,960.0,0,0,6100.0,0,0,200.0,0,0,2200.0,7000.0,15000.0,20000.0,0,0,0
mi_24a,176,482,400,500,420.0,-1.0,564.0,351.0,315.0,-0.01,-0.01,6000.0,0,0,960.0,0,0,6100.0,0,0,200.0,0,0,2100.0,7000.0,15000.0,20000.0,0,0,0
mi_24p,176,482,400,500,420.0,-1.0,564.0,351.0,315.0,-0.01,-0.01,6000.0,0,0,960.0,0,0,6100.0,0,0,200.0,0,0,2100.0,7000.0,15000.0,20000.0,0,0,0
mi_24p_german,176,482,400,500,420.0,-1.0,564.0,351.0,315.0,-0.01,-0.01,6000.0,0,0,960.0,0,0,6100.0,0,0,200.0,0,0,2100.0,7000.0,15000.0,20000.0,0,0,0
mi_24v,176,482,400,500,420.0,-1.0,564.0,351.0,315.0,-0.01,-0.01,6000.0,0,0,960.0,0,0,6100.0,0,0,200.0,0,0,2100.0,7000.0,15000.0,20000.0,0,0,0
mi_28a_sweden,176,482,400,500,420.0,-1.0,564.0,351.0,315.0,-0.01,-0.01,6000.0,0,0,960.0,0,0,6100.0,0,0,200.0,0,0,2200.0,7000.0,15000.0,20000.0,0,0,0
mi_28n,176,482,400,500,420.0,-1.0,564.0,351.0,315.0,-0.01,-0.01,6000.0,0,0,960.0,0,0,6100.0,0,0,200.0,0,0,2200.0,7000.0,15000.0,20000.0,0,0,0
mi_28nm,176,482,400,500,420.0,-1.0,564.0,351.0,315.0,-0.01,-0.01,6000.0,0,0,960.0,0,0,6100.0,0,0,200.0,0,0,2450.0,7000.0,15000.0,20000.0,0,0,0
mi_35m,176,482,400,500,420.0,-1.0,564.0,351.0,315.0,-0.01,-0.01,6000.0,0,0,960.0,0,0,6100.0,0,0,200.0,0,0,2200.0,7000.0,15000.0,20000.0,0,0,0
mi_35m_pakistan,176,482,400,500,420.0,-1.0,564.0,351.0,315.0,-0.01,-0.01,6000.0,0,0,960.0,0,0,6100.0,0,0,200.0,0,0,2200.0,7000.0,15000.0,20000.0,0,0,0
mi_35p,176,482,400,500,420.0,-1.0,564.0,351.0,315.0,-0.01,-0.01,6000.0,0,0,960.0,0,0,6100.0,0,0,200.0,0,0,2200.0,7000.0,15000.0,20000.0,0,0,0
mi_4av,None,482,400,500,420.0,-1.0,564.0,351.0,315.0,-0.01,-0.01,1550.0,0,0,1700.0,0,0,3850.0,0,0,1200.0,0,0,1700.0,600.0,2400.0,6000.0,340.907,265.0,360.0
mi_8amtsh,176,482,400,500,420.0,-1.0,564.0,351.0,315.0,-0.01,-0.01,6000.0,0,0,960.0,0,0,6100.0,0,0,200.0,0,0,2200.0,7000.0,15000.0,20000.0,0,0,0
mi_8amtsh_vn,176,482,400,500,420.0,-1.0,564.0,351.0,315.0,-0.01,-0.01,6000.0,0,0,960.0,0,0,6100.0,0,0,200.0,0,0,2400.0,7000.0,15000.0,20000.0,0,0,0
mi_8tb,176,482,400,500,420.0,-1.0,564.0,351.0,315.0,-0.01,-0.01,6000.0,0,0,960.0,0,0,6100.0,0,0,200.0,0,0,1500.0,5000.0,12000.0,20000.0,0,0,0
mi_8tv,176,482,400,500,420.0,-1.0,564.0,351.0,315.0,-0.01,-0.01,6000.0,0,0,960.0,0,0,6100.0,0,0,200.0,0,0,1500.0,5000.0,12000.0,20000.0,0,0,0
mig-15,176,600,700,750,450.0,-1.0,None,650.0,450.0,0.85,0.88,8000.0,0,0,1356.0,0,0,0.0,0,0,3409.23,0,0,1200.0,5000.0,11561.0,16000.0,0,0,0
mig-15_ns23,176,600,700,750,450.0,-1.0,None,650.0,450.0,0.85,0.88,8000.0,0,0,1356.0,0,0,0.0,0,0,3409.23,0,0,1200.0,5000.0,12300.0,16000.0,0,0,0
mig-15bis_ish,176,600,700,750,450.0,-1.0,None,650.0,450.0,0.85,0.88,8000.0,0,0,1356.0,0,0,0.0,0,0,3409.23,0,0,1200.0,5000.0,11561.0,16000.0,0,0,0
mig-17,176,600,700,750,450.0,-1.0,None,650.0,450.0,0.87,0.897,8000.0,0,0,1356.0,0,0,0.0,0,0,3409.23,0,0,1200.0,5000.0,11561.0,16000.0,0,0,0
mig-17f,176,600,700,750,450.0,-1.0,None,650.0,450.0,0.87,0.897,8000.0,0,0,1356.0,0,0,0.0,0,0,3409.23,0,0,1200.0,5000.0,11561.0,16000.0,0,0,0
mig-17p_lim_5p,176,600,700,750,450.0,-1.0,None,650.0,450.0,0.87,0.897,8000.0,0,0,1356.0,0,0,0.0,0,0,3409.23,0,0,1200.0,5000.0,11561.0,16000.0,0,0,0
mig-19,157,540,650,350,577.0,-1.0,700.0,500.0,450.0,0.905,0.91,6000.0,0,0,960.0,0,0,6100.0,0,0,200.0,0,0,1200.0,4100.0,11195.0,11600.0,0,0,0
mig-19j_6a,157,540,650,350,577.0,-1.0,700.0,500.0,450.0,0.905,0.91,6000.0,0,0,960.0,0,0,6100.0,0,0,200.0,0,0,1200.0,4100.0,11195.0,11600.0,0,0,0
mig-19s,157,540,650,350,577.0,-1.0,700.0,500.0,450.0,0.905,0.91,6000.0,0,0,960.0,0,0,6100.0,0,0,200.0,0,0,1200.0,4100.0,11195.0,11600.0,0,0,0
mig-21_bis,94,650,600,950,700.0,-1.0,None,740.0,450.4,0.8,0.895,6000.0,0,0,1200.0,0,0,0.0,0,0,2574.53,0,0,1200.0,3000.0,11500.0,14000.0,0,0,0
mig-21_bis_lazur,94,650,600,950,700.0,-1.0,None,740.0,450.4,0.8,0.895,6000.0,0,0,1200.0,0,0,0.0,0,0,2574.53,0,0,1200.0,3000.0,11500.0,14000.0,0,0,0
mig-21_bison,94,650,600,950,700.0,-1.0,None,740.0,450.4,0.8,0.895,6000.0,0,0,1200.0,0,0,0.0,0,0,2574.53,0,0,1200.0,3000.0,11500.0,14000.0,0,0,0
mig-21_f13,94,650,600,900,700.0,-1.0,None,740.0,450.4,0.8,0.895,6000.0,0,0,1200.0,0,0,0.0,0,0,2574.53,0,0,1200.0,3000.0,11500.0,14000.0,0,0,0
mig-21_mf,94,650,600,950,700.0,-1.0,None,740.0,450.4,0.8,0.895,6000.0,0,0,1200.0,0,0,0.0,0,0,2574.53,0,0,1200.0,3000.0,11500.0,14000.0,0,0,0
mig-21_pfm,94,650,600,900,700.0,-1.0,None,740.0,450.4,0.8,0.895,6000.0,0,0,1200.0,0,0,0.0,0,0,2574.53,0,0,1200.0,3000.0,11500.0,14000.0,0,0,0
mig-21_s,94,650,600,950,700.0,-1.0,None,740.0,450.4,0.8,0.895,6000.0,0,0,1200.0,0,0,0.0,0,0,2574.53,0,0,1200.0,3000.0,11500.0,14000.0,0,0,0
mig-21_smt,94,650,600,950,700.0,-1.0,None,740.0,450.4,0.8,0.895,6000.0,0,0,1200.0,0,0,0.0,0,0,2574.53,0,0,1200.0,3000.0,11500.0,14000.0,0,0,0
mig-9,200,550,600,720,380.0,None,None,480.0,300.0,0.78,0.88,6000.0,0,0,960.0,0,0,6100.0,0,0,200.0,0,0,1200.0,3000.0,9500.0,11000.0,0,0,0
mig-9_ussr,200,550,600,720,380.0,None,None,480.0,300.0,0.78,0.88,6000.0,0,0,960.0,0,0,6100.0,0,0,200.0,0,0,1200.0,3000.0,10000.0,11000.0,0,0,0
mig_21_bis_finland,94,650,600,950,700.0,-1.0,None,740.0,450.4,0.8,0.895,6000.0,0,0,1200.0,0,0,0.0,0,0,2574.53,0,0,1200.0,3000.0,11500.0,14000.0,0,0,0
mig_23bn,160,666,650,701,630.0,-1.0,700.0,570.0,473.0,0,0,6000.0,0,0,897.685,0,0,6100.0,0,0,187.018,0,0,1122.11,3995.0,8550.0,9100.0,0,0,0
mig_23m,160,666,650,701,630.0,-1.0,700.0,570.0,473.0,0,0,6000.0,0,0,897.685,0,0,6100.0,0,0,187.018,0,0,1122.11,3995.0,8550.0,9100.0,0,0,0
mig_23mf,160,666,650,701,630.0,-1.0,700.0,570.0,473.0,0,0,6000.0,0,0,897.685,0,0,6100.0,0,0,187.018,0,0,1122.11,3995.0,8550.0,9100.0,0,0,0
mig_23ml,160,666,650,701,630.0,-1.0,700.0,570.0,473.0,0,0,6000.0,0,0,897.685,0,0,6100.0,0,0,187.018,0,0,1122.11,3995.0,8500.0,9100.0,0,0,0
mig_23mla,160,666,650,701,630.0,-1.0,700.0,570.0,473.0,0,0,6000.0,0,0,897.685,0,0,6100.0,0,0,187.018,0,0,1122.11,3995.0,8500.0,9100.0,0,0,0
mig_23mld,160,666,650,701,630.0,-1.0,700.0,570.0,473.0,0,0,6000.0,0,0,897.685,0,0,6100.0,0,0,187.018,0,0,1122.11,3995.0,8500.0,9100.0,0,0,0
mig_25pd,158,750,1750,700,700.0,-1.0,None,1018.0,600.0,0.9,0.9,6000.0,0,0,1200.0,0,0,0.0,0,0,2574.53,0,0,1200.0,8250.0,13300.0,14300.0,0,0,0
mig_27k,160,666,650,701,630.0,-1.0,700.0,570.0,473.0,0,0,6000.0,0,0,897.685,0,0,6100.0,0,0,187.018,0,0,1122.11,3995.0,8550.0,9100.0,0,0,0
mig_27m,160,666,650,701,630.0,-1.0,700.0,570.0,473.0,0,0,6000.0,0,0,897.685,0,0,6100.0,0,0,187.018,0,0,1122.11,3995.0,8550.0,9100.0,0,0,0
mig_29_9_12_germany,158,680,750,700,700.0,-1.0,None,1218.0,463.0,0.9,0.9,6000.0,0,0,1200.0,0,0,0.0,0,0,2574.53,0,0,1200.0,5500.0,8350.0,8950.0,0,0,0
mig_29_9_12b_hungary,158,680,750,700,700.0,-1.0,None,1218.0,463.0,0.9,0.9,6000.0,0,0,1200.0,0,0,0.0,0,0,2574.53,0,0,1200.0,5500.0,8350.0,8950.0,0,0,0
mig_29_9_12g,158,680,750,700,700.0,-1.0,None,1218.0,463.0,0.9,0.9,6000.0,0,0,1200.0,0,0,0.0,0,0,2574.53,0,0,1200.0,5500.0,8350.0,8950.0,0,0,0
mig_29_9_13,158,680,750,700,700.0,-1.0,None,1218.0,463.0,0.9,0.9,6000.0,0,0,1200.0,0,0,0.0,0,0,2574.53,0,0,1200.0,5500.0,8350.0,8950.0,0,0,0
mig_29smt_9_19,158,680,750,700,700.0,-1.0,None,1218.0,463.0,0.9,0.9,6000.0,0,0,1200.0,0,0,0.0,0,0,2574.53,0,0,1200.0,5500.0,8350.0,8950.0,0,0,0
mig_3_series_1_15,None,300,280,440,320.0,-1.0,None,480.0,280.0,0.62,0.768,6000.0,0,0,1200.0,0,0,8500.0,0,0,940.0,0,0,1120.0,450.0,2050.0,2250.0,320.0,170.0,320.0
mig_3_series_1_15_bk_pod,None,300,280,440,320.0,-1.0,None,480.0,280.0,0.62,0.768,6000.0,0,0,1200.0,0,0,8500.0,0,0,940.0,0,0,1120.0,450.0,2050.0,2250.0,320.0,170.0,320.0
mig_3_series_34,None,300,280,440,320.0,-1.0,None,480.0,280.0,0.62,0.768,6000.0,0,0,1200.0,0,0,8500.0,0,0,940.0,0,0,1120.0,450.0,2050.0,2250.0,320.0,170.0,320.0
mig_3_series_pod,165,380,380,380,None,None,None,None,None,0,0,6361.05,0,0,1209.6,0,0,0.000649351,0,0,2442.94,0,0,1120.0,450.0,2150.0,2300.0,318.565,160.0,360.0
mirage_2000_5ei,227,920,750,800,426.0,-1.0,1300.0,389.0,389.0,0.85,0.91,6000.0,0,0,1160.4,0,0,0.0,0,0,2489.57,0,0,1160.4,3800.0,10200.0,12000.0,0,0,0
mirage_2000_5f,227,920,750,800,426.0,-1.0,1300.0,389.0,389.0,0.85,0.91,6000.0,0,0,1160.4,0,0,0.0,0,0,2489.57,0,0,1160.4,3800.0,10200.0,12000.0,0,0,0
mirage_2000c_s5,227,920,750,800,426.0,-1.0,1300.0,389.0,389.0,0.85,0.91,6000.0,0,0,1160.4,0,0,0.0,0,0,2489.57,0,0,1160.4,3800.0,10200.0,12000.0,0,0,0
mirage_2000d_r1,227,920,750,800,426.0,-1.0,1300.0,389.0,389.0,0.85,0.91,6000.0,0,0,1160.4,0,0,0.0,0,0,2489.57,0,0,1160.4,3800.0,10200.0,12000.0,0,0,0
mirage_2000d_rmv,227,920,750,800,426.0,-1.0,1300.0,389.0,389.0,0.85,0.91,6000.0,0,0,1160.4,0,0,0.0,0,0,2489.57,0,0,1160.4,3800.0,10200.0,12000.0,0,0,0
mirage_3c,250,920,750,650,426.0,-1.0,1300.0,389.0,389.0,0.91,0.91,6000.0,0,0,1160.4,0,0,0.0,0,0,2489.57,0,0,1160.4,2750.0,8450.0,10000.0,0,0,0
mirage_3cj,250,920,750,650,426.0,-1.0,1300.0,389.0,389.0,0.91,0.91,6000.0,0,0,1160.4,0,0,0.0,0,0,2489.57,0,0,1160.4,2750.0,8450.0,10000.0,0,0,0
mirage_3e,250,920,750,650,426.0,-1.0,1300.0,389.0,389.0,0.91,0.91,6000.0,0,0,1160.4,0,0,0.0,0,0,2489.57,0,0,1160.4,2750.0,8400.0,10000.0,0,0,0
mirage_3s_c70_switzerland,233,920,750,650,426.0,-1.0,1300.0,389.0,389.0,0.91,0.91,6000.0,0,0,1160.4,0,0,0.0,0,0,2489.57,0,0,1160.4,2750.0,8400.0,10000.0,0,0,0
mirage_4000,383,920,750,650,426.0,-1.0,1300.0,389.0,389.0,0.85,0.91,6000.0,0,0,1160.4,0,0,0.0,0,0,2489.57,0,0,1160.4,3800.0,10200.0,12000.0,0,0,0
mirage_5_nesher,250,920,750,650,426.0,-1.0,1300.0,389.0,389.0,0.91,0.91,6000.0,0,0,1160.4,0,0,0.0,0,0,2489.57,0,0,1160.4,2750.0,8400.0,10000.0,0,0,0
mirage_5ba,250,920,750,650,426.0,-1.0,1300.0,389.0,389.0,0.91,0.91,6000.0,0,0,1160.4,0,0,0.0,0,0,2489.57,0,0,1160.4,2750.0,8400.0,10000.0,0,0,0
mirage_5f,250,920,750,650,426.0,-1.0,1300.0,389.0,389.0,0.91,0.91,6000.0,0,0,1160.4,0,0,0.0,0,0,2489.57,0,0,1160.4,2750.0,8400.0,10000.0,0,0,0
mirage_f1c,94,650,800,900,444.0,-1.0,814.0,555.0,416.4,0.8,0.895,6000.0,0,0,1160.4,0,0,0.0,0,0,2489.57,0,0,1160.4,2750.0,8900.0,10000.0,0,0,0
mirage_f1c_200,94,650,800,900,444.0,-1.0,814.0,555.0,416.4,0.8,0.895,6000.0,0,0,1160.4,0,0,0.0,0,0,2489.57,0,0,1160.4,2750.0,8900.0,10000.0,0,0,0
mirage_milan,240,920,750,650,426.0,-1.0,4300.0,3900.0,3600.0,0.91,0.91,6000.0,0,0,1160.4,0,0,0.0,0,0,2489.57,0,0,1160.4,2750.0,8900.0,10000.0,0,0,0
morko_morane,174,310,320,400,320.0,-1.0,None,None,410.0,0.665,0.9,2000.0,4000.0,0,1100.0,1050.0,0,2001.0,4000.1,0,1099.86,1049.99,0,1020.0,500.0,2700.0,3000.0,322.977,140.0,360.0
mosquito_b_mk16,157,360,360,450,315.0,-1.0,416.0,356.0,264.0,0.665,0.74,4114.0,7467.0,0,1375.0,1255.0,0,4115.0,7468.0,0,1374.0,1254.0,0,1350.0,450.0,3000.0,3300.0,360.0,175.0,160.0
mosquito_f_mk2_norway,206,360,360,450,315.0,-1.0,416.0,356.0,264.0,0.665,0.74,2896.0,4940.0,0,1215.0,1130.0,0,6705.0,9632.0,0,700.0,570.0,0,1130.0,450.0,3000.0,3300.0,360.0,175.0,160.0
mosquito_fb_mk18,212,320,300,300,315.0,-1.0,416.0,356.0,264.0,0.74,0.78,2896.0,4940.0,0,1215.0,1130.0,0,6705.0,9632.0,0,700.0,570.0,0,1130.0,450.0,3000.0,3300.0,360.0,175.0,160.0
mosquito_fb_mk6,189,320,300,300,315.0,-1.0,416.0,356.0,264.0,0.74,0.78,2896.0,4940.0,0,1215.0,1130.0,0,6705.0,9632.0,0,700.0,570.0,0,1130.0,450.0,3000.0,3300.0,360.0,175.0,160.0
mosquito_fb_mk6_ash_norway,206,360,360,450,315.0,-1.0,416.0,356.0,264.0,0.665,0.74,2896.0,4940.0,0,1215.0,1130.0,0,6705.0,9632.0,0,700.0,570.0,0,1130.0,450.0,3000.0,3300.0,360.0,175.0,160.0
mosquito_j30_sweden,189,320,300,300,315.0,-1.0,416.0,356.0,264.0,0.74,0.78,2896.0,4940.0,0,1215.0,1130.0,0,6705.0,9632.0,0,700.0,570.0,0,1130.0,450.0,3000.0,3300.0,360.0,175.0,160.0
mosquito_nf_mk2,206,360,360,450,315.0,-1.0,416.0,356.0,264.0,0.665,0.74,2896.0,4940.0,0,1215.0,1130.0,0,6705.0,9632.0,0,700.0,570.0,0,1130.0,450.0,3000.0,3300.0,360.0,175.0,160.0
mosquito_tr_mk33,189,320,300,300,315.0,-1.0,416.0,356.0,264.0,0.74,0.78,2896.0,4940.0,0,1215.0,1130.0,0,6705.0,9632.0,0,700.0,570.0,0,1130.0,450.0,3000.0,3300.0,360.0,175.0,160.0
ms_405,126,310,320,330,320.0,-1.0,None,None,410.0,0.67,0.74,2400.0,0,0,880.0,0,0,6900.0,0,0,460.0,0,0,820.0,450.0,2401.0,2590.0,330.0,150.0,160.0
ms_406c1,126,310,320,330,320.0,-1.0,None,None,410.0,0.67,0.74,3150.0,0,0,860.0,0,0,6900.0,0,0,500.0,0,0,760.0,450.0,2401.0,2570.0,330.0,150.0,160.0
ms_410c1,126,310,320,330,320.0,-1.0,None,None,410.0,0.67,0.74,3150.0,0,0,860.0,0,0,6900.0,0,0,500.0,0,0,760.0,450.0,2401.0,2570.0,330.0,150.0,160.0
n1k1_ja,168,430,460,400,280.0,-1.0,None,470.0,280.0,0.68,0.82,1798.0,5900.0,0,1875.0,1675.0,0,1798.05,5900.01,0,1875.0,1674.0,0,1765.0,400.0,3000.0,3493.27,324.474,285.0,360.0
n1k1_kyuofu,160,430,300,400,600.0,-1.0,None,470.0,280.0,0.68,0.82,1600.0,5000.0,0,1440.0,1280.0,0,3000.0,5001.0,0,1250.0,1279.83,0,1290.0,450.0,2450.0,2700.0,324.461,285.0,360.0
n1k2_j,158,430,460,400,450.0,-1.0,None,None,520.4,0.68,0.82,2000.0,5300.0,0,1875.0,1675.0,0,2001.0,5301.0,0,1874.77,1674.77,0,1765.0,400.0,3000.0,3493.27,324.474,285.0,360.0
nc_223_3,126,250,250,300,320.0,-1.0,None,520.4,260.0,0.603,0.639,3400.0,0,0,910.0,0,0,3400.1,0,0,909.988,0,0,810.0,400.0,2520.0,3100.0,340.0,140.0,360.0
nf_5a_netherlands,158,680,750,700,444.0,-1.0,None,926.0,555.0,0.92,0.92,6000.0,0,0,1200.0,0,0,0.0,0,0,2574.53,0,0,1200.0,5500.0,16500.0,17500.0,0,0,0
night_fighter_mk_2,150,360,360,403,None,None,None,None,None,0,0,1737.9,3998.01,0,1835.4,1713.0,0,0.000649351,0.000649351,0,2466.67,3284.12,0,2000.0,600.0,2700.0,3060.0,314.049,282.0,360.0
nimrod_mk1,None,260,200,260,600.0,-1.0,None,520.4,320.4,0.68,0.768,609.0,0,0,630.0,0,0,0,0,0,0,0,0,525.0,450.0,2500.0,3000.0,200.0,180.0,360.0
nimrod_mk2,None,260,200,300,600.0,-1.0,None,520.4,320.4,0.68,0.768,4267.0,0,0,640.0,0,0,0,0,0,0,0,0,640.0,450.0,2900.0,3000.0,200.0,180.0,360.0
o3u_1,160,180,170,180,400.0,-1.0,None,None,520.4,0.6,0.65,1000.0,0,0,395.0,0,0,8000.0,0,0,270.0,0,0,420.0,450.0,2100.0,2600.0,420.0,280.0,180.0
oh_58d,176,482,400,500,320.0,-1.0,1564.0,1351.0,1315.0,-0.01,-0.01,6000.0,0,0,960.0,0,0,6100.0,0,0,200.0,0,0,650.0,2000.0,6000.0,8200.0,0,0,0
os2u_1,174,200,200,240,350.0,-1.0,None,None,360.0,0.6,0.6,1376.4,0,0,400.0,0,0,4000.0,0,0,350.0,0,0,400.0,300.0,2300.0,2450.0,306.48,310.0,360.0
os2u_3,174,200,200,240,350.0,-1.0,None,None,360.0,0.6,0.6,1376.4,0,0,400.0,0,0,4000.0,0,0,350.0,0,0,400.0,300.0,2300.0,2450.0,306.48,310.0,360.0
osprey_mk4,146,260,200,300,450.0,-1.0,None,520.4,320.4,0.68,0.768,4267.0,0,0,640.0,0,0,4267.1,0,0,639.0,0,0,640.0,450.0,2900.0,3000.0,200.0,180.0,360.0
p-26a_33,None,260,180,340,508.0,-1.0,None,500.0,240.0,0.603,0.639,1829.0,0,0,600.0,0,0,4500.0,0,0,414.0,0,0,550.0,500.0,2200.0,2500.0,190.0,310.0,360.0
p-26a_34,None,260,180,340,508.0,-1.0,None,500.0,240.0,0.603,0.639,1829.0,0,0,600.0,0,0,4500.0,0,0,414.0,0,0,550.0,500.0,2200.0,2500.0,190.0,310.0,360.0
p-26a_34_m2,174,260,180,340,508.0,-1.0,None,None,500.0,0.603,0.639,2286.0,0,0,570.0,0,0,2287.0,0,0,569.0,0,0,450.0,500.0,2200.0,2500.0,190.0,310.0,360.0
p-26a_35,None,260,180,340,508.0,-1.0,None,500.0,240.0,0.603,0.639,1829.0,0,0,600.0,0,0,4500.0,0,0,414.0,0,0,550.0,500.0,2200.0,2500.0,190.0,310.0,360.0
p-26b_35,174,260,180,340,508.0,-1.0,None,None,500.0,0.603,0.639,1829.0,0,0,600.0,0,0,4500.0,0,0,414.0,0,0,600.0,500.0,2200.0,2500.0,190.0,310.0,360.0
p-36a,None,290,380,420,290.0,-1.0,None,520.4,232.0,0.66,0.72,1981.0,0,0,1050.0,0,0,7620.0,0,0,440.0,0,0,1025.0,600.0,2700.0,3185.0,300.0,310.0,360.0
p-36a_rasmussen,None,290,380,420,290.0,-1.0,None,520.4,232.0,0.66,0.72,1981.0,0,0,1050.0,0,0,7620.0,0,0,440.0,0,0,1025.0,600.0,2700.0,3185.0,300.0,310.0,360.0
p-36c,None,290,380,420,290.0,-1.0,None,520.4,232.0,0.66,0.72,1981.0,0,0,1050.0,0,0,7620.0,0,0,440.0,0,0,1025.0,600.0,2700.0,3185.0,300.0,310.0,360.0
p-36g,126,420,380,420,290.0,-1.0,None,520.4,232.0,0.66,0.72,2133.0,4571.0,0,1000.0,900.0,0,2133.05,0.0,0,1000.0,1593.52,0,1000.0,600.0,2500.0,3100.0,300.0,310.0,360.0
p-38e,None,380,460,500,289.0,-1.0,620.0,403.0,250.0,0.66,0.85,6800.0,0,0,1050.0,0,0,8500.0,0,0,900.0,0,0,1050.0,600.0,3005.0,3350.0,420.0,175.0,360.0
p-38g,None,380,460,500,289.0,-1.0,620.0,403.0,250.0,0.66,0.85,5800.0,0,0,1310.0,0,0,9000.0,0,0,980.0,0,0,1200.0,600.0,3005.0,3350.0,420.0,175.0,360.0
p-38j,None,380,460,500,289.0,-1.0,620.0,403.0,250.0,0.66,0.85,7500.0,0,0,1290.0,0,0,10000.0,0,0,970.0,0,0,1415.0,600.0,3005.0,3350.0,420.0,175.0,360.0
p-38k,174,380,460,500,289.0,-1.0,620.0,403.0,250.0,0.66,0.85,8500.0,0,0,1330.0,0,0,10000.0,0,0,1110.0,0,0,1425.0,600.0,3005.0,3350.0,420.0,175.0,360.0
p-38l,None,380,460,500,289.0,-1.0,620.0,403.0,250.0,0.66,0.85,7500.0,0,0,1290.0,0,0,10000.0,0,0,970.0,0,0,1415.0,600.0,3005.0,3350.0,420.0,175.0,360.0
p-39k_1,169,360,380,450,322.0,-1.0,420.0,340.0,233.0,0.6,0.765,4000.0,0,0,1150.0,0,0,4001.0,0,0,1149.85,0,0,1050.0,400.0,3000.0,3300.0,312.153,185.0,360.0
p-39n,202,360,380,450,322.0,-1.0,None,None,450.0,0.6,0.765,3724.0,0,0,1125.0,0,0,3725.0,0,0,1124.85,0,0,1050.0,400.0,3000.0,3300.0,312.153,160.0,360.0
p-39n_su,202,360,380,450,322.0,-1.0,None,None,450.0,0.6,0.765,3724.0,0,0,1125.0,0,0,3725.0,0,0,1124.85,0,0,1050.0,400.0,3000.0,3300.0,312.153,160.0,360.0
p-39q_15,202,360,380,450,322.0,-1.0,None,None,450.0,0.6,0.765,2800.0,0,0,1125.0,0,0,2801.0,0,0,1124.86,0,0,1050.0,400.0,3000.0,3300.0,312.153,160.0,360.0
p-39q_25,202,360,380,450,322.0,-1.0,None,None,450.0,0.6,0.765,2800.0,0,0,1125.0,0,0,2801.0,0,0,1124.86,0,0,1050.0,400.0,3000.0,3300.0,312.153,160.0,360.0
p-39q_5,202,360,380,450,322.0,-1.0,None,None,450.0,0.6,0.765,3724.0,0,0,1125.0,0,0,3725.0,0,0,1124.85,0,0,1050.0,400.0,3000.0,3300.0,312.153,160.0,360.0
p-400,171,360,380,450,322.0,-1.0,420.0,340.0,233.0,0.6,0.765,3676.8,0,0,1000.0,0,0,3676.9,0,0,999.987,0,0,1000.0,400.0,3000.0,3300.0,312.153,185.0,360.0
p-40c,186,450,220,420,300.0,-1.0,645.0,445.0,245.0,0.68,0.72,3660.0,0,0,970.0,0,0,0.0,0,0,1524.93,0,0,860.0,600.0,3000.0,3600.0,340.0,170.0,360.0
p-40c_china,186,450,220,420,300.0,-1.0,645.0,445.0,245.0,0.68,0.72,3660.0,0,0,970.0,0,0,0.0,0,0,1524.93,0,0,860.0,600.0,3000.0,3600.0,340.0,170.0,360.0
p-40e,186,450,220,420,300.0,-1.0,645.0,445.0,245.0,0.68,0.72,3597.0,0,0,1150.0,0,0,6400.0,0,0,840.0,0,0,1150.0,600.0,3000.0,3120.0,340.0,170.0,360.0
p-40f,186,450,220,500,300.0,-1.0,645.0,445.0,245.0,0.68,0.72,2743.0,4724.0,0,1225.0,1150.0,0,0.0,0.0,0,1713.09,2077.79,0,1130.0,600.0,3000.0,3180.0,340.0,170.0,360.0
p-47d-28,227,402,420,470,450.0,-1.0,None,None,520.4,0.6,0.8,6681.0,0,0,2420.0,0,0,6681.2,0,0,2419.93,0,0,2390.0,600.0,2700.0,3100.0,335.169,310.0,360.0
p-47d-30,227,402,420,470,450.0,-1.0,None,None,520.4,0.6,0.8,6681.0,0,0,2420.0,0,0,6681.2,0,0,2419.93,0,0,2390.0,600.0,2700.0,3100.0,335.169,310.0,360.0
p-47d,227,402,420,470,450.0,-1.0,None,None,520.4,0.6,0.8,8500.0,0,0,2000.0,0,0,8500.2,0,0,1999.94,0,0,2000.0,600.0,2700.0,3100.0,335.169,310.0,360.0
p-47d_16_re,230,402,420,470,450.0,-1.0,None,None,520.4,0.6,0.8,8500.0,0,0,2000.0,0,0,8500.2,0,0,1999.94,0,0,1940.0,600.0,2700.0,3100.0,335.169,310.0,360.0
p-47d_22_re,226,402,420,470,450.0,-1.0,None,None,520.4,0.6,0.8,8500.0,0,0,2000.0,0,0,8500.2,0,0,1999.94,0,0,2000.0,600.0,2700.0,3100.0,335.169,310.0,360.0
p-47d_23_re,226,402,420,470,450.0,-1.0,None,None,520.4,0.6,0.8,8500.0,0,0,2000.0,0,0,8500.2,0,0,1999.94,0,0,2000.0,600.0,2700.0,3100.0,335.169,310.0,360.0
p-47d_ussr,227,402,420,470,450.0,-1.0,None,None,520.4,0.6,0.8,8500.0,0,0,2000.0,0,0,8500.2,0,0,1999.94,0,0,2000.0,600.0,2700.0,3100.0,335.169,310.0,360.0
p-47m-1-re,212,402,420,470,450.0,-1.0,None,None,520.4,0.6,0.8,8720.0,0,0,2220.0,0,0,15000.0,0,0,1730.0,0,0,2060.0,600.0,2800.0,3100.0,335.169,310.0,360.0
